{
"type": "FeatureCollection",
"name": "nem_regions",
"crs": { "type": "name", "properties": { "name": "urn:ogc:def:crs:OGC:1.3:CRS84" } },
"features": [
{ "type": "Feature", "properties": { "nem_region": "NSW1", "nem_label": "New South Wales", "label_lon": 146.45276615710029, "label_lat": -32.828958475499917 }, "geometry": { "type": "Polygon", "coordinates": [ [ [ 153.531993035000028, -28.177911065999922 ], [ 153.562510613000086, -28.174981377999927 ], [ 153.59107506600003, -28.268487237999921 ], [ 153.562510613000086, -28.504571221999925 ], [ 153.576019727000016, -28.589613539999903 ], [ 153.630625847000033, -28.661553643999923 ], [ 153.601328972000033, -28.76140715899993 ], [ 153.605967644000089, -28.867445570999905 ], [ 153.475596550000091, -29.000176690999922 ], [ 153.436208530000044, -29.085137627999927 ], [ 153.445811394000089, -29.15162525799991 ], [ 153.418304884, -29.164971612999921 ], [ 153.350596550000091, -29.281019789999903 ], [ 153.340342644000089, -29.322686455999929 ], [ 153.369965040000011, -29.396661065999922 ], [ 153.356455925000091, -29.424004815999922 ], [ 153.363780144000089, -29.47039153399993 ], [ 153.324473504000025, -29.57586028399993 ], [ 153.321625196000014, -29.697523695999905 ], [ 153.288422071000014, -29.771254164999903 ], [ 153.294932488000086, -29.826592705999929 ], [ 153.273773634, -29.857354424999926 ], [ 153.260101759, -29.943291924999926 ], [ 153.20240319100003, -30.02467213299991 ], [ 153.203786655000044, -30.129164320999905 ], [ 153.189626498000052, -30.174981377999927 ], [ 153.137217644000089, -30.257989190999922 ], [ 153.146494988000086, -30.286065362999921 ], [ 153.13209069100003, -30.323825778999947 ], [ 153.043142123000052, -30.49382903399993 ], [ 152.987796365, -30.734633817999907 ], [ 153.005001433000075, -30.83581429599991 ], [ 153.03484134200005, -30.88250090899993 ], [ 153.079112175000091, -30.885918877999927 ], [ 153.087901238000086, -30.926690362999921 ], [ 153.046599170000036, -30.992753975999904 ], [ 153.039879977000055, -31.029965145999938 ], [ 153.059500721000063, -31.077209977999928 ], [ 152.980615041000078, -31.16591475599995 ], [ 152.959894019000103, -31.24031530499991 ], [ 152.976735873000052, -31.32000090899993 ], [ 152.917828269000097, -31.395254330999933 ], [ 152.934502086000066, -31.482810541999925 ], [ 152.845380728, -31.569318604999921 ], [ 152.836561964, -31.625196178999943 ], [ 152.848532646000081, -31.644220246999907 ], [ 152.788948559, -31.704008613999918 ], [ 152.800929022, -31.733208108999918 ], [ 152.744185439000034, -31.793022631999918 ], [ 152.747215040000015, -31.842584729999942 ], [ 152.609255093, -31.945848262999903 ], [ 152.546372674000054, -32.043679204999933 ], [ 152.555345725000052, -32.071630892999906 ], [ 152.528330925000091, -32.097100518999923 ], [ 152.510082932000046, -32.161881366999921 ], [ 152.569509311000047, -32.219333591999941 ], [ 152.525957109000046, -32.281664572999944 ], [ 152.527042902000062, -32.312660829999913 ], [ 152.554453972000033, -32.321221612999921 ], [ 152.520499171000097, -32.410176412999931 ], [ 152.539886296000077, -32.442091940999944 ], [ 152.40239353700008, -32.489428571999952 ], [ 152.294763900000021, -32.559588894999933 ], [ 152.285929613, -32.58880396099994 ], [ 152.235861814000032, -32.606999062999932 ], [ 152.19198882, -32.652670384999908 ], [ 152.187500835000037, -32.669135910999955 ], [ 152.219248894000089, -32.697198174999926 ], [ 152.136729363000086, -32.66375090899993 ], [ 152.060883009, -32.697930596999925 ], [ 152.092295769000089, -32.71843840899993 ], [ 152.190196160000028, -32.725274346999925 ], [ 152.185069207000083, -32.766778252999927 ], [ 152.150157097000033, -32.766045830999929 ], [ 152.109385613000086, -32.794122002999927 ], [ 152.059428755, -32.785253865999948 ], [ 151.984926879, -32.798745724999947 ], [ 151.875662482000052, -32.842087877999916 ], [ 151.799237364000078, -32.893680377999942 ], [ 151.803558790000011, -32.919366143999923 ], [ 151.737634974, -32.97200186099991 ], [ 151.734385613000086, -33.014825127999927 ], [ 151.670583530000044, -33.061130466999941 ], [ 151.625987175000091, -33.191582940999922 ], [ 151.568952752000087, -33.244224817999907 ], [ 151.568957243, -33.292227829999945 ], [ 151.515341164, -33.327082411999925 ], [ 151.540867400000025, -33.277541990999907 ], [ 151.516109564000089, -33.26110945399995 ], [ 151.453795174, -33.304198934999931 ], [ 151.469737175000091, -33.328220309999949 ], [ 151.44270356200002, -33.334215526999913 ], [ 151.451228098, -33.355460507999908 ], [ 151.474545631000069, -33.363001254999915 ], [ 151.49529361000009, -33.339586503999953 ], [ 151.503829472, -33.360010111999941 ], [ 151.445300346000067, -33.435971567999957 ], [ 151.447521446, -33.48645360699993 ], [ 151.427875703000041, -33.494413953999924 ], [ 151.424164259, -33.527764580999929 ], [ 151.36268184000005, -33.532103319999919 ], [ 151.28288821700005, -33.562107028999947 ], [ 151.266449415000011, -33.561211846999925 ], [ 151.245941602000016, -33.521091403999947 ], [ 151.230723504000025, -33.534926039999903 ], [ 151.23406009200005, -33.573337497999944 ], [ 151.252777540000011, -33.582452080999929 ], [ 151.225596550000091, -33.60906340899993 ], [ 151.299338124000087, -33.570624204999945 ], [ 151.309992612000087, -33.578874700999904 ], [ 151.295259821000059, -33.648780177999924 ], [ 151.325471543000049, -33.592058408999947 ], [ 151.340752909, -33.617465535999941 ], [ 151.309178674, -33.692972897999937 ], [ 151.31763756600003, -33.746758721999925 ], [ 151.304698113000086, -33.825372002999927 ], [ 151.266368035000028, -33.828383070999905 ], [ 151.246918165000011, -33.856377862999921 ], [ 151.254730665000011, -33.874200127999927 ], [ 151.287852410000028, -33.856377862999921 ], [ 151.294444207000083, -33.87037525799991 ], [ 151.281423373000052, -33.952325127999927 ], [ 151.249359571000014, -34.003838799999926 ], [ 151.201914910000028, -33.959161065999922 ], [ 151.182302280000044, -33.963474216999941 ], [ 151.164073113000086, -34.000746351999908 ], [ 151.106293165000011, -34.000909112999921 ], [ 151.095225457000083, -34.014418226999908 ], [ 151.143565300000091, -34.032810153999947 ], [ 151.160329623000052, -34.017510674999926 ], [ 151.232269727000016, -34.024102471999925 ], [ 151.231211785000028, -34.040459893999923 ], [ 151.164073113000086, -34.054782809999949 ], [ 151.136078321000014, -34.082696221999925 ], [ 151.17701256600003, -34.08953215899993 ], [ 151.168955925000091, -34.110121351999908 ], [ 151.027957464, -34.20079609599992 ], [ 150.968952516000058, -34.262675193999939 ], [ 150.924918127000069, -34.330418880999957 ], [ 150.903049563000081, -34.45086084299993 ], [ 150.918867505000094, -34.486404115999903 ], [ 150.873301629000025, -34.545505466999941 ], [ 150.854991082000083, -34.541436455999929 ], [ 150.860850457000083, -34.513278903999947 ], [ 150.841319207000083, -34.510674737999921 ], [ 150.800954623000052, -34.548272393999923 ], [ 150.917002800000091, -34.603448174999926 ], [ 150.883636915000011, -34.607028903999947 ], [ 150.870453321000014, -34.626722914999903 ], [ 150.833750847000033, -34.782403252999927 ], [ 150.779307488000086, -34.806898695999905 ], [ 150.753428582000083, -34.858086846999925 ], [ 150.727061394000089, -34.874118747999944 ], [ 150.778493686000047, -34.90162525799991 ], [ 150.74577884200005, -34.918145440999922 ], [ 150.787364129000025, -34.945489190999922 ], [ 150.776215040000011, -34.986993096999925 ], [ 150.851573113000086, -35.01490650799991 ], [ 150.844737175000091, -35.077243747999944 ], [ 150.807139519000089, -35.110528252999927 ], [ 150.778086785000028, -35.078545830999929 ], [ 150.792816602000016, -35.05046965899993 ], [ 150.787364129000025, -35.01490650799991 ], [ 150.695567254000025, -35.026136976999908 ], [ 150.677500847000033, -35.075778903999947 ], [ 150.69695071700005, -35.07976653399993 ], [ 150.703782731288015, -35.120441501873813 ], [ 150.636418085326341, -35.144469495670705 ], [ 150.613047722000033, -35.187269789999903 ], [ 150.55396569100003, -35.213555596999925 ], [ 150.499522332000083, -35.289727471999925 ], [ 150.484629754000025, -35.324314059999949 ], [ 150.492035352000016, -35.373142184999949 ], [ 150.409922722000033, -35.466892184999949 ], [ 150.406504754000025, -35.548760674999926 ], [ 150.37232506600003, -35.578871351999908 ], [ 150.291677280000044, -35.722832940999922 ], [ 150.273692254000025, -35.730645440999922 ], [ 150.231781446000014, -35.713311455999929 ], [ 150.190928582000083, -35.726820570999905 ], [ 150.218109571000014, -35.751153252999927 ], [ 150.238617384, -35.833103122999944 ], [ 150.149750196000014, -35.898207289999903 ], [ 150.163422071000014, -35.956638278999947 ], [ 150.148692254000025, -36.062595309999949 ], [ 150.106781446000014, -36.048597914999903 ], [ 150.081553582000083, -36.083754164999903 ], [ 150.102061394000089, -36.076348565999922 ], [ 150.143321160000028, -36.114434502999927 ], [ 150.121104363000086, -36.173760674999926 ], [ 150.144786004000025, -36.252862237999921 ], [ 150.132823113000086, -36.282403252999927 ], [ 150.142344597000033, -36.32000090899993 ], [ 150.070485873000052, -36.406345309999949 ], [ 150.074229363000086, -36.463311455999929 ], [ 150.053558790000011, -36.500909112999921 ], [ 150.065765821000014, -36.566582940999922 ], [ 149.99537194100003, -36.686455987999921 ], [ 149.979502800000091, -36.769952080999929 ], [ 149.930023634, -36.830498955999929 ], [ 149.939952019000089, -36.852959893999923 ], [ 149.909678582000083, -36.90553150799991 ], [ 149.903819207000083, -36.928399346999925 ], [ 149.943695509, -36.953383070999905 ], [ 149.920176629000025, -37.002618096999925 ], [ 149.941579623000052, -37.06218840899993 ], [ 149.876149936000047, -37.095879815999922 ], [ 149.896657748000052, -37.119317315999922 ], [ 149.946055535000028, -37.119235934999949 ], [ 149.997569207000083, -37.150485934999949 ], [ 150.019541863000086, -37.220879815999922 ], [ 150.053558790000011, -37.268731377999927 ], [ 149.985362175000091, -37.25904713299991 ], [ 149.951019727000016, -37.284274997999944 ], [ 149.971690300000091, -37.33757903399993 ], [ 149.956797722000033, -37.415459893999923 ], [ 149.985362175000091, -37.495863539999903 ], [ 149.972075076303668, -37.510291859981351 ], [ 148.216824172197789, -36.801681003875217 ], [ 148.123289830261456, -36.788245130708219 ], [ 148.206178826991163, -36.672489923271314 ], [ 148.214860468335928, -36.616886082226927 ], [ 148.197962273639973, -36.585466810544858 ], [ 148.150316604427644, -36.562470797789103 ], [ 148.13098961787648, -36.458859551427167 ], [ 148.067582636429506, -36.409715264547799 ], [ 148.05993452385917, -36.388217868559764 ], [ 148.077814568687359, -36.341915784685739 ], [ 148.031925896862617, -36.237115980817862 ], [ 148.045465122817063, -36.172572116909691 ], [ 147.991411573585196, -36.114177747904762 ], [ 147.996889275819399, -36.059245700428733 ], [ 147.940665318049923, -36.042605889949868 ], [ 147.909711135260636, -36.005037122465239 ], [ 147.713805780412372, -35.939408053838633 ], [ 147.55676110244292, -35.996355482919228 ], [ 147.52012251184442, -35.958011569977998 ], [ 147.48369062682093, -35.945970960791215 ], [ 147.408604771393016, -35.959665215477287 ], [ 147.382198113951745, -35.979612318753482 ], [ 147.34028852759343, -36.076350599800321 ], [ 147.306337112167967, -36.051959323963615 ], [ 147.184329055241619, -36.064258314669473 ], [ 147.134719680368903, -36.039350273995922 ], [ 147.079632603261985, -36.103635755485698 ], [ 147.093791945941462, -36.168024590662355 ], [ 147.119836867277513, -36.197428480739802 ], [ 147.196317986685699, -36.220321139808732 ], [ 147.106917758947361, -36.241198419071793 ], [ 147.040978631958296, -36.173708997572191 ], [ 147.044906040581282, -36.107614840952124 ], [ 147.005321894190047, -36.090148207273955 ], [ 146.973799269720416, -36.094747409465356 ], [ 146.956125929567975, -36.117898450952737 ], [ 146.87876631101642, -36.0875643857878 ], [ 146.84688195224021, -36.097434583739073 ], [ 146.812723830340474, -36.069529310429346 ], [ 146.771124302344674, -36.066893812999069 ], [ 146.75639651888423, -36.046326592997843 ], [ 146.68921715664635, -36.042192477900528 ], [ 146.624053176013263, -35.993771660533696 ], [ 146.545194939794555, -35.993771660533696 ], [ 146.504267206266491, -35.973927910944326 ], [ 146.431920201056414, -35.983849785739039 ], [ 146.369495070640937, -36.052734469420216 ], [ 146.243559605091605, -36.035371188529552 ], [ 146.216222771663524, -36.055835055743216 ], [ 146.062330356860457, -36.017387790913801 ], [ 145.98347212064175, -36.014287204590801 ], [ 145.939753860052519, -35.966848240054219 ], [ 145.786946649068568, -35.979974053959438 ], [ 145.744623650660856, -35.964936212136479 ], [ 145.572592807711885, -35.843599948778603 ], [ 145.493786249235995, -35.828975519004985 ], [ 145.375963983351085, -35.872900486068602 ], [ 145.217937452551382, -35.851196383606236 ], [ 145.008441196703757, -35.86762949030873 ], [ 144.97123416622378, -35.894811293206601 ], [ 144.96244917209151, -35.953464043730605 ], [ 144.933923782056809, -36.005553888201405 ], [ 144.977435337970405, -36.060175876415542 ], [ 144.975471633209281, -36.097434583739073 ], [ 144.890153842825498, -36.076350599800321 ], [ 144.810933873199588, -36.131592705638866 ], [ 144.740705600582942, -36.135003351223702 ], [ 144.681897821327311, -36.083792005896328 ], [ 144.602781202690267, -36.066118665743829 ], [ 144.492658726219133, -35.959665215477287 ], [ 144.45255781499111, -35.947159519196475 ], [ 144.353287388402237, -35.777557468102657 ], [ 144.324348586318138, -35.754199721040266 ], [ 144.27659956341904, -35.747998549293641 ], [ 144.180378046309784, -35.679113864713088 ], [ 144.100072870166741, -35.586768080282695 ], [ 143.998425327666723, -35.555400485444068 ], [ 143.980700310670727, -35.523361097936345 ], [ 143.776940138576492, -35.418406263538259 ], [ 143.65121137860217, -35.389312432722591 ], [ 143.585995722024904, -35.352932223643222 ], [ 143.581396518934184, -35.249424330068791 ], [ 143.418357374793004, -35.188032728427686 ], [ 143.363993768097885, -35.107210789246551 ], [ 143.331282587021747, -34.9628268371888 ], [ 143.360479770624806, -34.806247247212696 ], [ 143.328130323855362, -34.784388116018761 ], [ 143.282706740023968, -34.792501315683182 ], [ 143.268754103818765, -34.753950698066262 ], [ 143.142611932694535, -34.699018649690913 ], [ 143.05011111863314, -34.692197361219257 ], [ 142.995747511938021, -34.668684583626657 ], [ 142.981381463683533, -34.690595391663976 ], [ 142.934045851934457, -34.658039238420145 ], [ 142.880354038807809, -34.67932992883317 ], [ 142.855187615715863, -34.620832207940055 ], [ 142.790023635082662, -34.582333266267199 ], [ 142.726099887899409, -34.60321054463094 ], [ 142.693853794816732, -34.689096774896257 ], [ 142.694680617116774, -34.730903008467067 ], [ 142.630808546776962, -34.736329033857828 ], [ 142.642797479120304, -34.787643731073331 ], [ 142.625537551017146, -34.795240166800284 ], [ 142.547971225991205, -34.770900566907642 ], [ 142.52249474543612, -34.750229994118911 ], [ 142.52249474543612, -34.719534193748018 ], [ 142.46792443316599, -34.634164727420227 ], [ 142.46792443316599, -34.603468927049335 ], [ 142.385758905049329, -34.533395684962898 ], [ 142.372323032781651, -34.424668470673396 ], [ 142.40642947783806, -34.356403903717194 ], [ 142.396455927099282, -34.338007094052159 ], [ 142.344934524308769, -34.342761325874505 ], [ 142.305143671443261, -34.317129814789098 ], [ 142.258789910725795, -34.272843112519638 ], [ 142.235122105300889, -34.191917819651678 ], [ 142.199775424995778, -34.192796318795104 ], [ 142.150114374178997, -34.158586520951189 ], [ 142.094252150716102, -34.170833835712926 ], [ 142.051257358740031, -34.115953464181018 ], [ 141.840985955637279, -34.130474542066452 ], [ 141.748536819318701, -34.103189385481755 ], [ 141.706110468123597, -34.110010674852788 ], [ 141.546171910305361, -34.218634534556145 ], [ 141.510670201268681, -34.172229098793878 ], [ 141.459303827209851, -34.169180190213581 ], [ 141.391917759397074, -34.133678481176958 ], [ 141.330784540174363, -34.144737236634171 ], [ 141.309545525705403, -34.114351494625794 ], [ 141.241849400429487, -34.076007581684564 ], [ 141.190121291164587, -34.089288425220673 ], [ 141.134104038970122, -34.06396697429642 ], [ 141.045582310375266, -34.06220997511025 ], [ 141.000107049700546, -34.018543389565764 ], [ 141.000107049700546, -28.999934991106954 ], [ 148.971403435819866, -28.999728284632624 ], [ 149.063387485943622, -28.936321303185593 ], [ 149.093566522377046, -28.848419692215032 ], [ 149.178625930342378, -28.818240654882345 ], [ 149.265649042169457, -28.740726006699845 ], [ 149.416337518761452, -28.68072966903901 ], [ 149.484447056086765, -28.58393971114873 ], [ 149.595241327025519, -28.565387871852806 ], [ 149.620872838110927, -28.607814223047967 ], [ 149.704485305252547, -28.627451267062327 ], [ 149.759158970310182, -28.606987399848606 ], [ 150.019814894641627, -28.600114434533509 ], [ 150.158514438890165, -28.554587497914724 ], [ 150.258353306260005, -28.553140557990332 ], [ 150.298144159125627, -28.534950453000988 ], [ 150.449556106129307, -28.646468193452392 ], [ 150.62112186108493, -28.65892221378914 ], [ 150.793514439239971, -28.635047702789279 ], [ 150.933557570625339, -28.687137547260022 ], [ 150.97939456560664, -28.72367278417164 ], [ 151.045902134276048, -28.734886570159063 ], [ 151.062128533604891, -28.828007500945432 ], [ 151.160520461050396, -28.846094252247951 ], [ 151.287437779429865, -28.92081837246991 ], [ 151.315343051840273, -29.099257093639949 ], [ 151.342628209324289, -29.12282154717667 ], [ 151.350896437720394, -29.165454603946841 ], [ 151.376114536756404, -29.170622246919152 ], [ 151.422675002149617, -29.154550877221197 ], [ 151.520188429552377, -29.061378268692124 ], [ 151.526544630929948, -29.008254897245706 ], [ 151.564423455877773, -28.950583997753313 ], [ 151.725137160051872, -28.886660251469436 ], [ 151.766271600953587, -28.951204116276926 ], [ 151.824149205121671, -28.973580010509068 ], [ 151.858772414115606, -28.916322523965334 ], [ 151.928742304313801, -28.925365898717246 ], [ 152.013646681748924, -28.899217624593689 ], [ 152.067028435613793, -28.703157241013855 ], [ 152.003259718960749, -28.633652438809008 ], [ 151.958404575910436, -28.560581964086396 ], [ 151.963985630932029, -28.540066420029234 ], [ 152.163973423134962, -28.437075291291649 ], [ 152.232703078084569, -28.434956556899579 ], [ 152.291717563814473, -28.386329033957736 ], [ 152.386957228992856, -28.365761813956567 ], [ 152.432587519298522, -28.304628594733856 ], [ 152.487157830669275, -28.263390801943956 ], [ 152.528343948414431, -28.278221938191905 ], [ 152.539971144652554, -28.317702731795634 ], [ 152.56415571491425, -28.332998956036988 ], [ 152.594024692985158, -28.324472345222546 ], [ 152.616658969635637, -28.293208103171423 ], [ 152.751017694111283, -28.358010348598725 ], [ 152.865687697728958, -28.322767021980496 ], [ 153.10665490120266, -28.353876235299992 ], [ 153.192489454624592, -28.259825127627551 ], [ 153.354185011628942, -28.250006605620342 ], [ 153.506521030000044, -28.149265231999948 ], [ 153.531993035000028, -28.177911065999922 ] ] ] } },
{ "type": "Feature", "properties": { "nem_region": "QLD1", "nem_label": "Queensland", "label_lon": 143.06290388333957, "label_lat": -19.932264906999933 }, "geometry": { "type": "MultiPolygon", "coordinates": [ [ [ [ 148.470225457000083, -20.047621351999908 ], [ 148.45045006600003, -20.041599216999941 ], [ 148.45045006600003, -19.965752862999921 ], [ 148.480967644000089, -20.004571221999925 ], [ 148.470225457000083, -20.047621351999908 ] ] ], [ [ [ 138.184255405000044, -16.697198174999926 ], [ 138.294118686000047, -16.745700778999947 ], [ 138.373220248000052, -16.745700778999947 ], [ 138.492686394000089, -16.794366143999923 ], [ 138.544688347000033, -16.77898528399993 ], [ 138.657237175000091, -16.779717705999929 ], [ 138.684418165000011, -16.808851820999905 ], [ 138.840342644000089, -16.870863539999959 ], [ 139.008311394000089, -16.895440362999921 ], [ 139.037282748000052, -16.915622653999947 ], [ 139.06218509200005, -16.977634372999944 ], [ 139.158050977000016, -17.032972914999959 ], [ 139.140635613000086, -17.066176039999959 ], [ 139.152517123000052, -17.168552341999941 ], [ 139.23991946700005, -17.323418877999927 ], [ 139.314300977000016, -17.359144789999959 ], [ 139.438649936000047, -17.375664971999925 ], [ 139.640961134, -17.532403252999927 ], [ 139.804698113000086, -17.568536065999922 ], [ 139.925303582000083, -17.621351820999905 ], [ 139.999522332000083, -17.706149997999944 ], [ 140.117442254000025, -17.715590101999908 ], [ 140.240489129000025, -17.702080987999921 ], [ 140.404307488000086, -17.667901299999926 ], [ 140.441416863000086, -17.641778252999927 ], [ 140.50749759200005, -17.636325778999947 ], [ 140.688975457000083, -17.522881768999923 ], [ 140.734141472000033, -17.516208591999941 ], [ 140.768321160000028, -17.46803150799991 ], [ 140.845225457000083, -17.441176039999959 ], [ 140.883067254000025, -17.346449476999908 ], [ 140.904633009, -17.224786065999922 ], [ 140.948985222000033, -17.138848565999922 ], [ 140.959971550000091, -17.073988539999959 ], [ 140.947032097000033, -17.018324476999908 ], [ 141.050547722000033, -16.887627862999921 ], [ 141.083506707000083, -16.800225518999923 ], [ 141.117686394000089, -16.793389580999929 ], [ 141.199473504000025, -16.703057549999926 ], [ 141.234222852000016, -16.573011976999908 ], [ 141.244802280000044, -16.556084893999923 ], [ 141.261566602000016, -16.560153903999947 ], [ 141.29265384200005, -16.495538018999923 ], [ 141.30396569100003, -16.441989841999941 ], [ 141.289561394000089, -16.402439059999949 ], [ 141.318614129000025, -16.360284112999921 ], [ 141.35279381600003, -16.215264580999929 ], [ 141.431162957000083, -16.06178150799991 ], [ 141.377696160000028, -15.92937590899993 ], [ 141.40552819100003, -15.89185963299991 ], [ 141.439707879000025, -15.648858330999929 ], [ 141.487071160000028, -15.478936455999929 ], [ 141.570567254000025, -15.287286065999922 ], [ 141.580902540000011, -15.218682549999926 ], [ 141.639008009, -15.141208591999941 ], [ 141.63599694100003, -15.093682549999926 ], [ 141.658946160000028, -15.093926690999922 ], [ 141.661631707000083, -14.990329684999949 ], [ 141.604258660000028, -14.877699476999908 ], [ 141.521657748000052, -14.483819268999923 ], [ 141.533376498000052, -14.400160414999959 ], [ 141.601084832000083, -14.204278252999927 ], [ 141.598480665000011, -14.11451588299991 ], [ 141.485036655000044, -13.94850025799991 ], [ 141.467784050000091, -13.865492445999905 ], [ 141.474131707000083, -13.776299737999921 ], [ 141.52702884200005, -13.571384372999944 ], [ 141.631521030000044, -13.346123955999929 ], [ 141.67310631600003, -13.346123955999929 ], [ 141.660980665000011, -13.328383070999905 ], [ 141.693614129000025, -13.250583591999941 ], [ 141.685069207000083, -13.215264580999929 ], [ 141.62468509200005, -13.133884372999944 ], [ 141.604258660000028, -13.006605726999908 ], [ 141.583750847000033, -12.985772393999923 ], [ 141.631521030000044, -12.893649997999944 ], [ 141.644541863000086, -12.907972914999959 ], [ 141.66138756600003, -12.899021091999941 ], [ 141.754730665000011, -12.818454684999949 ], [ 141.809743686000047, -12.66765715899993 ], [ 141.820078972000033, -12.666436455999929 ], [ 141.817149285000028, -12.701836846999925 ], [ 141.835948113000086, -12.679457289999959 ], [ 141.88209069100003, -12.71803150799991 ], [ 141.894053582000083, -12.843357028999947 ], [ 141.93873131600003, -12.908461195999905 ], [ 141.937998894000089, -12.847426039999959 ], [ 141.905284050000091, -12.75709400799991 ], [ 142.008311394000089, -12.714939059999949 ], [ 141.925303582000083, -12.710056247999944 ], [ 141.881521030000044, -12.672295830999929 ], [ 141.823252800000091, -12.654066664999959 ], [ 141.937998894000089, -12.584649346999925 ], [ 141.974131707000083, -12.585137627999927 ], [ 141.93091881600003, -12.565606377999927 ], [ 141.899099155000044, -12.585137627999927 ], [ 141.797618035000028, -12.580010674999926 ], [ 141.748220248000052, -12.523695570999905 ], [ 141.693614129000025, -12.50318775799991 ], [ 141.744802280000044, -12.45476653399993 ], [ 141.658946160000028, -12.447930596999925 ], [ 141.658946160000028, -12.527113539999959 ], [ 141.699961785000028, -12.544366143999923 ], [ 141.599945509, -12.561944268999923 ], [ 141.590586785000028, -12.540785414999959 ], [ 141.717133009, -12.232842705999929 ], [ 141.809743686000047, -12.236260674999926 ], [ 141.789235873000052, -12.201592705999929 ], [ 141.766286655000044, -12.220961195999905 ], [ 141.753428582000083, -12.208103122999944 ], [ 141.801036004000025, -12.055108330999929 ], [ 141.831228061000047, -12.005954684999949 ], [ 141.871348504000025, -11.966241143999923 ], [ 141.91334069100003, -11.954522393999923 ], [ 141.898203972000033, -11.990980726999908 ], [ 141.91960696700005, -12.106052341999941 ], [ 141.963877800000091, -12.037774346999925 ], [ 142.021983269000089, -12.071872653999947 ], [ 142.032969597000033, -12.041192315999922 ], [ 141.991547071000014, -11.985935153999947 ], [ 141.952972852000016, -11.975681247999944 ], [ 141.947601759, -11.89617278399993 ], [ 141.967295769000089, -11.811211846999925 ], [ 142.010020379000025, -11.757989190999922 ], [ 142.010508660000028, -11.705173434999949 ], [ 142.131846550000091, -11.338148695999905 ], [ 142.133474155000044, -11.236748955999929 ], [ 142.159353061000047, -11.151136976999908 ], [ 142.151052280000044, -10.950616143999923 ], [ 142.174571160000028, -10.930108330999929 ], [ 142.323415561000047, -10.90162525799991 ], [ 142.401133660000028, -10.820407809999949 ], [ 142.448578321000014, -10.71453215899993 ], [ 142.50513756600003, -10.715020440999922 ], [ 142.55005944100003, -10.690199476999908 ], [ 142.549571160000028, -10.708184502999927 ], [ 142.615896030000044, -10.752373955999929 ], [ 142.549571160000028, -10.837985934999949 ], [ 142.515391472000033, -10.851657809999949 ], [ 142.501719597000033, -10.947849216999941 ], [ 142.540049675000091, -10.92546965899993 ], [ 142.567149285000028, -10.870212497999944 ], [ 142.590830925000091, -10.86492278399993 ], [ 142.625254754000025, -10.882256768999923 ], [ 142.63445071700005, -10.930840752999927 ], [ 142.65943444100003, -10.933526299999926 ], [ 142.666270379000025, -11.003106377999927 ], [ 142.700938347000033, -10.970147393999923 ], [ 142.741953972000033, -10.975030205999929 ], [ 142.810069207000083, -11.17115650799991 ], [ 142.793711785000028, -11.217543226999908 ], [ 142.801280144000089, -11.277764580999929 ], [ 142.840586785000028, -11.308038018999923 ], [ 142.872243686000047, -11.38250090899993 ], [ 142.821055535000028, -11.477634372999944 ], [ 142.839610222000033, -11.498630466999941 ], [ 142.83757571700005, -11.564711195999905 ], [ 142.857920769000089, -11.605075778999947 ], [ 142.862315300000091, -11.836846612999921 ], [ 142.992198113000086, -11.934014580999929 ], [ 143.104177280000044, -11.902113539999959 ], [ 143.175303582000083, -11.962334893999923 ], [ 143.228037957000083, -11.954847914999959 ], [ 143.249034050000091, -11.968194268999923 ], [ 143.203949415000011, -11.982517184999949 ], [ 143.086273634, -12.149021091999941 ], [ 143.077159050000091, -12.328789971999925 ], [ 143.103363477000016, -12.342380466999941 ], [ 143.176036004000025, -12.339288018999923 ], [ 143.252940300000091, -12.388929945999905 ], [ 143.271739129000025, -12.417901299999926 ], [ 143.294932488000086, -12.53484465899993 ], [ 143.391123894000089, -12.576592705999929 ], [ 143.433929884, -12.613051039999959 ], [ 143.379405144000089, -12.732842705999929 ], [ 143.358897332000083, -12.88054778399993 ], [ 143.379405144000089, -12.852715752999927 ], [ 143.413259311000047, -12.868096612999921 ], [ 143.438324415000011, -12.851332289999959 ], [ 143.497243686000047, -12.856540622999944 ], [ 143.543793165000011, -12.832777601999908 ], [ 143.495453321000014, -12.92156340899993 ], [ 143.511485222000033, -12.95435963299991 ], [ 143.502940300000091, -13.075127862999921 ], [ 143.527598504000025, -13.198418877999927 ], [ 143.52662194100003, -13.32976653399993 ], [ 143.59107506600003, -13.415134372999944 ], [ 143.58171634200005, -13.498711846999925 ], [ 143.597911004000025, -13.524183851999908 ], [ 143.564463738000086, -13.599379164999959 ], [ 143.530121290000011, -13.750176690999922 ], [ 143.598317905000044, -13.885023695999905 ], [ 143.611338738000086, -13.946872653999947 ], [ 143.687266472000033, -14.014336846999925 ], [ 143.707774285000028, -14.209567966999941 ], [ 143.782725457000083, -14.402276299999926 ], [ 143.846202019000089, -14.467217705999929 ], [ 143.926036004000025, -14.486504815999922 ], [ 143.941172722000033, -14.511163018999923 ], [ 144.067230665000011, -14.452569268999923 ], [ 144.161631707000083, -14.373142184999949 ], [ 144.180023634, -14.339939059999949 ], [ 144.185394727000016, -14.262627862999921 ], [ 144.201182488000086, -14.250420830999929 ], [ 144.214854363000086, -14.270928643999923 ], [ 144.235362175000091, -14.257256768999923 ], [ 144.255869988000086, -14.298923434999949 ], [ 144.303558790000011, -14.312595309999949 ], [ 144.440277540000011, -14.250258070999905 ], [ 144.486338738000086, -14.161879164999959 ], [ 144.51490319100003, -14.172784112999921 ], [ 144.584727410000028, -14.264825127999927 ], [ 144.572764519000089, -14.302911065999922 ], [ 144.580414259, -14.364190362999921 ], [ 144.633148634, -14.339939059999949 ], [ 144.633474155000044, -14.37664153399993 ], [ 144.612478061000047, -14.413018487999921 ], [ 144.615977410000028, -14.467705987999921 ], [ 144.677582227000016, -14.555840752999927 ], [ 144.756602410000028, -14.552829684999949 ], [ 144.796722852000016, -14.600355726999908 ], [ 144.900726759, -14.614190362999921 ], [ 144.937998894000089, -14.67156340899993 ], [ 144.944102410000028, -14.733330987999921 ], [ 145.03052819100003, -14.80592213299991 ], [ 145.055023634, -14.79265715899993 ], [ 145.154795769000089, -14.837497653999947 ], [ 145.222829623000052, -14.832696221999925 ], [ 145.21998131600003, -14.880954684999949 ], [ 145.277110222000033, -14.947035414999959 ], [ 145.345713738000086, -14.942559502999927 ], [ 145.24732506600003, -15.09498463299991 ], [ 145.235850457000083, -15.165948174999926 ], [ 145.26880944100003, -15.249444268999923 ], [ 145.310069207000083, -15.254489841999941 ], [ 145.324554884, -15.216241143999923 ], [ 145.349457227000016, -15.250420830999929 ], [ 145.343760613000086, -15.269463799999926 ], [ 145.285899285000028, -15.30046965899993 ], [ 145.281016472000033, -15.319024346999925 ], [ 145.297862175000091, -15.332940362999921 ], [ 145.243907097000033, -15.428399346999925 ], [ 145.245860222000033, -15.44264088299991 ], [ 145.264414910000028, -15.435967705999929 ], [ 145.279795769000089, -15.495863539999959 ], [ 145.26490319100003, -15.518487237999921 ], [ 145.313975457000083, -15.567966403999947 ], [ 145.322764519000089, -15.599786065999922 ], [ 145.307383660000028, -15.62859465899993 ], [ 145.366384311000047, -15.74928150799991 ], [ 145.359385613000086, -15.812676690999922 ], [ 145.373057488000086, -15.840590101999908 ], [ 145.355804884, -15.903415622999944 ], [ 145.430186394000089, -15.991631768999923 ], [ 145.462412957000083, -16.060479424999926 ], [ 145.434418165000011, -16.200616143999923 ], [ 145.458994988000086, -16.214043877999927 ], [ 145.468597852000016, -16.260674737999921 ], [ 145.414561394000089, -16.334405205999929 ], [ 145.400401238000086, -16.443291924999926 ], [ 145.416758660000028, -16.473321221999925 ], [ 145.463389519000089, -16.481215101999908 ], [ 145.481455925000091, -16.531914971999925 ], [ 145.56609134200005, -16.656508070999905 ], [ 145.671234571000014, -16.734795830999929 ], [ 145.685313347000033, -16.776055596999925 ], [ 145.722504102000016, -16.800225518999923 ], [ 145.777679884, -16.885349216999941 ], [ 145.740489129000025, -16.922051690999922 ], [ 145.770843946000014, -16.957289320999905 ], [ 145.774261915000011, -16.988376559999949 ], [ 145.798350457000083, -16.983168226999908 ], [ 145.787608269000089, -16.929782809999949 ], [ 145.83912194100003, -16.881524346999925 ], [ 145.880381707000083, -16.905857028999947 ], [ 145.917328321000014, -16.871189059999949 ], [ 145.955088738000086, -16.873142184999949 ], [ 145.941661004000025, -16.929945570999905 ], [ 145.891612175000091, -17.007012627999927 ], [ 145.881846550000091, -17.059665622999944 ], [ 145.952484571000014, -17.162286065999922 ], [ 145.96843509200005, -17.242364190999922 ], [ 146.029958530000044, -17.356540622999944 ], [ 146.071055535000028, -17.392022393999923 ], [ 146.068369988000086, -17.515883070999905 ], [ 146.14771569100003, -17.632582289999959 ], [ 146.10670006600003, -17.684177341999941 ], [ 146.10670006600003, -17.769463799999926 ], [ 146.083994988000086, -17.795505466999941 ], [ 146.113536004000025, -17.864353122999944 ], [ 146.005869988000086, -18.142022393999923 ], [ 146.010101759, -18.236504815999922 ], [ 146.100922071000014, -18.349541924999926 ], [ 146.183441602000016, -18.38014088299991 ], [ 146.209157748000052, -18.51336028399993 ], [ 146.339366082000083, -18.52703215899993 ], [ 146.331065300000091, -18.61256275799991 ], [ 146.292002800000091, -18.71062590899993 ], [ 146.27662194100003, -18.87428150799991 ], [ 146.33326256600003, -18.959079684999949 ], [ 146.410899285000028, -19.010186455999929 ], [ 146.462250196000014, -19.074965101999908 ], [ 146.654795769000089, -19.182549737999921 ], [ 146.69304446700005, -19.192966403999947 ], [ 146.746348504000025, -19.172784112999921 ], [ 146.804453972000033, -19.237399997999944 ], [ 146.905121290000011, -19.304620049999926 ], [ 146.957204623000052, -19.296807549999926 ], [ 147.010427280000044, -19.252618096999925 ], [ 147.024099155000044, -19.17742278399993 ], [ 147.065114780000044, -19.246351820999905 ], [ 147.058604363000086, -19.31609465899993 ], [ 147.133962436000047, -19.410821221999925 ], [ 147.16724694100003, -19.399997653999947 ], [ 147.254405144000089, -19.424493096999925 ], [ 147.285980665000011, -19.410821221999925 ], [ 147.421397332000083, -19.412774346999925 ], [ 147.449880405000044, -19.396579684999949 ], [ 147.45045006600003, -19.378676039999959 ], [ 147.398773634, -19.312758070999905 ], [ 147.422618035000028, -19.314629815999922 ], [ 147.49146569100003, -19.451836846999925 ], [ 147.559092644000089, -19.537530205999929 ], [ 147.599131707000083, -19.686700127999927 ], [ 147.599131707000083, -19.702894789999959 ], [ 147.565277540000011, -19.705173434999949 ], [ 147.684255405000044, -19.828057549999926 ], [ 147.785004102000016, -19.835381768999923 ], [ 147.754242384, -19.767185153999947 ], [ 147.750824415000011, -19.691501559999949 ], [ 147.82390384200005, -19.714288018999923 ], [ 147.845957879000025, -19.734795830999929 ], [ 147.87427819100003, -19.854424737999921 ], [ 147.929047071000014, -19.897556247999944 ], [ 148.01490319100003, -19.911228122999944 ], [ 148.02857506600003, -19.883884372999944 ], [ 148.072438998000052, -19.877048434999949 ], [ 148.130381707000083, -19.936211846999925 ], [ 148.27857506600003, -19.965752862999921 ], [ 148.271983269000089, -19.985935153999947 ], [ 148.306407097000033, -20.033949476999908 ], [ 148.26490319100003, -20.047621351999908 ], [ 148.278819207000083, -20.065362237999921 ], [ 148.26490319100003, -20.083103122999944 ], [ 148.402110222000033, -20.173923434999949 ], [ 148.40202884200005, -20.19850025799991 ], [ 148.464040561000047, -20.185479424999926 ], [ 148.465586785000028, -20.174086195999905 ], [ 148.422536655000044, -20.164971612999921 ], [ 148.476410352000016, -20.132012627999927 ], [ 148.437510613000086, -20.090752862999921 ], [ 148.444183790000011, -20.061944268999923 ], [ 148.521657748000052, -20.083184502999927 ], [ 148.560069207000083, -20.052666924999926 ], [ 148.575205925000091, -20.147230726999908 ], [ 148.589854363000086, -20.172539971999925 ], [ 148.614268425000091, -20.178643487999921 ], [ 148.610850457000083, -20.213636976999908 ], [ 148.638682488000086, -20.203057549999926 ], [ 148.648448113000086, -20.164971612999921 ], [ 148.655284050000091, -20.19850025799991 ], [ 148.683116082000083, -20.185479424999926 ], [ 148.662771030000044, -20.226495049999926 ], [ 148.689300977000016, -20.239434502999927 ], [ 148.683116082000083, -20.274183851999908 ], [ 148.758311394000089, -20.253106377999927 ], [ 148.756683790000011, -20.229668877999927 ], [ 148.781993035000028, -20.240817966999941 ], [ 148.803884311000047, -20.266696872999944 ], [ 148.792328321000014, -20.287286065999922 ], [ 148.849375847000033, -20.348728122999944 ], [ 148.840179884, -20.390883070999905 ], [ 148.85084069100003, -20.421075127999927 ], [ 148.923350457000083, -20.472832940999922 ], [ 148.89812259200005, -20.477308851999908 ], [ 148.937022332000083, -20.534926039999959 ], [ 148.868174675000091, -20.528090101999908 ], [ 148.827159050000091, -20.493340752999927 ], [ 148.832774285000028, -20.45631275799991 ], [ 148.80827884200005, -20.433363539999959 ], [ 148.758311394000089, -20.472832940999922 ], [ 148.701019727000016, -20.439222914999959 ], [ 148.724131707000083, -20.500746351999908 ], [ 148.698578321000014, -20.543226820999905 ], [ 148.655284050000091, -20.555433851999908 ], [ 148.660166863000086, -20.572198174999926 ], [ 148.696136915000011, -20.63054778399993 ], [ 148.728282097000033, -20.646416924999926 ], [ 148.709808790000011, -20.678887627999927 ], [ 148.739756707000083, -20.718926690999922 ], [ 148.76726321700005, -20.731540622999944 ], [ 148.79029381600003, -20.768975518999923 ], [ 148.819672071000014, -20.760186455999929 ], [ 148.843516472000033, -20.777520440999922 ], [ 148.853851759, -20.832207940999922 ], [ 148.827159050000091, -20.890557549999926 ], [ 148.84538821700005, -20.887465101999908 ], [ 148.875010613000086, -20.842868747999944 ], [ 148.910817905000044, -20.873304945999905 ], [ 148.971446160000028, -20.870538018999923 ], [ 149.013194207000083, -20.908461195999905 ], [ 149.05632571700005, -20.898532809999949 ], [ 149.073578321000014, -20.924737237999921 ], [ 149.026377800000091, -20.91920338299991 ], [ 149.039805535000028, -20.951348565999922 ], [ 149.02662194100003, -20.97625090899993 ], [ 149.09498131600003, -20.969821872999944 ], [ 149.110199415000011, -20.992771091999941 ], [ 149.150645379000025, -20.996189059999949 ], [ 149.231211785000028, -21.089776299999926 ], [ 149.231211785000028, -21.126071872999944 ], [ 149.196136915000011, -21.18092213299991 ], [ 149.19654381600003, -21.220147393999923 ], [ 149.234385613000086, -21.281670830999929 ], [ 149.254730665000011, -21.254327080999929 ], [ 149.271820509, -21.279961846999925 ], [ 149.292735222000033, -21.281670830999929 ], [ 149.292979363000086, -21.319268487999921 ], [ 149.320567254000025, -21.377211195999905 ], [ 149.286468946000014, -21.39771900799991 ], [ 149.34107506600003, -21.424411716999941 ], [ 149.292491082000083, -21.461114190999922 ], [ 149.292165561000047, -21.510674737999921 ], [ 149.34734134200005, -21.479668877999927 ], [ 149.395192905000044, -21.503838799999926 ], [ 149.397471550000091, -21.549004815999922 ], [ 149.42937259200005, -21.583754164999959 ], [ 149.450938347000033, -21.57586028399993 ], [ 149.478282097000033, -21.528008721999925 ], [ 149.487152540000011, -21.535902601999908 ], [ 149.498789910000028, -21.56959400799991 ], [ 149.441905144000089, -21.637383721999925 ], [ 149.478282097000033, -21.726739190999922 ], [ 149.440114780000044, -21.751560153999947 ], [ 149.435394727000016, -21.789727471999925 ], [ 149.475596550000091, -21.85125090899993 ], [ 149.474375847000033, -21.92937590899993 ], [ 149.521494988000086, -22.012627862999921 ], [ 149.535817905000044, -22.095798434999949 ], [ 149.574473504000025, -22.158623955999929 ], [ 149.553396030000044, -22.186618747999944 ], [ 149.574473504000025, -22.192803643999923 ], [ 149.608571811000047, -22.244317315999922 ], [ 149.58757571700005, -22.282159112999921 ], [ 149.644786004000025, -22.306084893999923 ], [ 149.679209832000083, -22.352146091999941 ], [ 149.697438998000052, -22.344333591999941 ], [ 149.699229363000086, -22.44695403399993 ], [ 149.663259311000047, -22.49382903399993 ], [ 149.765391472000033, -22.445245049999926 ], [ 149.812754754000025, -22.378106377999927 ], [ 149.858164910000028, -22.421075127999927 ], [ 149.880869988000086, -22.467380466999941 ], [ 149.964040561000047, -22.533623955999929 ], [ 150.000661655000044, -22.60865650799991 ], [ 150.046722852000016, -22.645277601999908 ], [ 150.022471550000091, -22.553399346999925 ], [ 149.928477410000028, -22.356052341999941 ], [ 149.929942254000025, -22.338067315999922 ], [ 149.950694207000083, -22.344333591999941 ], [ 149.92351321700005, -22.298272393999923 ], [ 149.97820071700005, -22.173760674999926 ], [ 150.053558790000011, -22.141534112999921 ], [ 150.081553582000083, -22.162367445999905 ], [ 150.119639519000089, -22.244886976999908 ], [ 150.153819207000083, -22.266289971999925 ], [ 150.159922722000033, -22.304131768999923 ], [ 150.193369988000086, -22.338799737999921 ], [ 150.177256707000083, -22.350518487999921 ], [ 150.194021030000044, -22.378676039999959 ], [ 150.403086785000028, -22.47389088299991 ], [ 150.444102410000028, -22.514336846999925 ], [ 150.51295006600003, -22.535414320999905 ], [ 150.609141472000033, -22.610528252999927 ], [ 150.574880405000044, -22.530368747999944 ], [ 150.581228061000047, -22.508070570999905 ], [ 150.545258009, -22.481377862999921 ], [ 150.534515821000014, -22.42701588299991 ], [ 150.56763756600003, -22.323174737999921 ], [ 150.601735873000052, -22.344333591999941 ], [ 150.636241082000083, -22.342543226999908 ], [ 150.643728061000047, -22.356622002999927 ], [ 150.622813347000033, -22.392022393999923 ], [ 150.663828972000033, -22.419366143999923 ], [ 150.660655144000089, -22.384209893999923 ], [ 150.677500847000033, -22.358005466999941 ], [ 150.70476321700005, -22.439873955999929 ], [ 150.756195509, -22.458754164999959 ], [ 150.758311394000089, -22.482354424999926 ], [ 150.723399285000028, -22.519952080999929 ], [ 150.705821160000028, -22.528741143999923 ], [ 150.690114780000044, -22.499200127999927 ], [ 150.671641472000033, -22.520603122999944 ], [ 150.69109134200005, -22.535414320999905 ], [ 150.677500847000033, -22.562676690999922 ], [ 150.71607506600003, -22.562676690999922 ], [ 150.731944207000083, -22.628106377999927 ], [ 150.75318444100003, -22.610528252999927 ], [ 150.773448113000086, -22.530205987999921 ], [ 150.787364129000025, -22.56959400799991 ], [ 150.784515821000014, -22.653008721999925 ], [ 150.807139519000089, -22.652113539999959 ], [ 150.826426629000025, -22.697930596999925 ], [ 150.787364129000025, -22.926446221999925 ], [ 150.736501498000052, -22.93287525799991 ], [ 150.773692254000025, -22.966892184999949 ], [ 150.764414910000028, -23.158868096999925 ], [ 150.800954623000052, -23.179620049999926 ], [ 150.801768425000091, -23.227146091999941 ], [ 150.839040561000047, -23.248955987999921 ], [ 150.832530144000089, -23.275974216999941 ], [ 150.787364129000025, -23.309340101999908 ], [ 150.814219597000033, -23.411309502999927 ], [ 150.882334832000083, -23.488864841999941 ], [ 150.813975457000083, -23.509209893999923 ], [ 150.856618686000047, -23.519952080999929 ], [ 150.885752800000091, -23.57154713299991 ], [ 150.936859571000014, -23.542738539999959 ], [ 151.011277435000011, -23.566501980999931 ], [ 151.041532567000104, -23.612799412999948 ], [ 151.125987175000091, -23.675388278999947 ], [ 151.18718509200005, -23.804131768999923 ], [ 151.277842644000089, -23.82390715899993 ], [ 151.294444207000083, -23.858086846999925 ], [ 151.324880405000044, -23.861504815999922 ], [ 151.440928582000083, -24.00554778399993 ], [ 151.480967644000089, -23.988946221999925 ], [ 151.537282748000052, -24.021742445999905 ], [ 151.547618035000028, -24.036309502999927 ], [ 151.535329623000052, -24.072849216999941 ], [ 151.550547722000033, -24.091403903999947 ], [ 151.568125847000033, -24.098321221999925 ], [ 151.581797722000033, -24.043715101999908 ], [ 151.595469597000033, -24.056735934999949 ], [ 151.622243686000047, -24.050876559999949 ], [ 151.691661004000025, -24.098321221999925 ], [ 151.676117384, -24.046644789999959 ], [ 151.615896030000044, -23.995863539999959 ], [ 151.641368035000028, -23.978285414999959 ], [ 151.677989129000025, -23.981622002999927 ], [ 151.732595248000052, -24.016371351999908 ], [ 151.709971550000091, -24.042738539999959 ], [ 151.721039259, -24.058689059999949 ], [ 151.739593946000014, -24.063409112999921 ], [ 151.780446811000047, -24.022556247999944 ], [ 151.786143425000091, -24.088636976999908 ], [ 151.811371290000011, -24.142347914999959 ], [ 151.869883660000028, -24.173435153999947 ], [ 151.89771569100003, -24.145440362999921 ], [ 152.003672722000033, -24.410414320999905 ], [ 152.058604363000086, -24.513929945999905 ], [ 152.123057488000086, -24.591729424999926 ], [ 152.306162957000083, -24.724216403999947 ], [ 152.404795769000089, -24.748711846999925 ], [ 152.469737175000091, -24.805596612999921 ], [ 152.49146569100003, -24.847588799999926 ], [ 152.506032748000052, -24.999444268999923 ], [ 152.636973504000025, -25.160332940999922 ], [ 152.567718946000014, -25.178643487999921 ], [ 152.61882571700005, -25.191013278999947 ], [ 152.697032097000033, -25.251885674999926 ], [ 152.815114780000044, -25.283868096999925 ], [ 152.828786655000044, -25.242282809999949 ], [ 152.842539910000028, -25.270928643999923 ], [ 152.913828972000033, -25.287692966999941 ], [ 152.931813998000052, -25.416680596999925 ], [ 152.887054884, -25.44459400799991 ], [ 152.87037194100003, -25.475681247999944 ], [ 152.962412957000083, -25.437432549999926 ], [ 152.969086134, -25.45281340899993 ], [ 152.938649936000047, -25.475681247999944 ], [ 152.966156446000014, -25.497247002999927 ], [ 152.905039910000028, -25.560723565999922 ], [ 152.907969597000033, -25.66961028399993 ], [ 152.88404381600003, -25.674248955999929 ], [ 152.938649936000047, -25.715915622999944 ], [ 152.918142123000052, -25.722100518999923 ], [ 152.92701256600003, -25.740166924999926 ], [ 152.983409050000091, -25.763604424999926 ], [ 153.021250847000033, -25.825127862999921 ], [ 153.03484134200005, -25.90357838299991 ], [ 153.021250847000033, -25.969008070999905 ], [ 153.061534050000091, -25.90357838299991 ], [ 153.075205925000091, -25.838067315999922 ], [ 153.061534050000091, -25.817559502999927 ], [ 153.083994988000086, -25.836032809999949 ], [ 153.121592644000089, -25.933770440999922 ], [ 153.180674675000091, -25.944756768999923 ], [ 153.205577019000089, -25.934991143999923 ], [ 153.141774936000047, -26.061455987999921 ], [ 153.074066602000016, -26.316582940999922 ], [ 153.089366082000083, -26.366306247999944 ], [ 153.137217644000089, -26.392998955999929 ], [ 153.113454623000052, -26.457452080999929 ], [ 153.110036655000044, -26.646905205999929 ], [ 153.119883660000028, -26.674899997999944 ], [ 153.150889519000089, -26.684747002999927 ], [ 153.144053582000083, -26.750583591999941 ], [ 153.161143425000091, -26.798272393999923 ], [ 153.146494988000086, -26.82390715899993 ], [ 153.14616946700005, -26.891778252999927 ], [ 153.21021569100003, -27.077243747999944 ], [ 153.191742384, -27.09929778399993 ], [ 153.154551629000025, -27.084242445999905 ], [ 153.082204623000052, -27.110446872999944 ], [ 153.047862175000091, -27.152276299999926 ], [ 153.038259311000047, -27.193454684999949 ], [ 153.117442254000025, -27.19695403399993 ], [ 153.113617384, -27.242364190999922 ], [ 153.072032097000033, -27.27467213299991 ], [ 153.064952019000089, -27.310479424999926 ], [ 153.167979363000086, -27.363702080999929 ], [ 153.191742384, -27.449395440999922 ], [ 153.250498894000089, -27.472751559999949 ], [ 153.268321160000028, -27.496270440999922 ], [ 153.307627800000091, -27.578057549999926 ], [ 153.315440300000091, -27.654880466999941 ], [ 153.40984134200005, -27.781914971999925 ], [ 153.401866082000083, -27.809177341999941 ], [ 153.427093946000014, -27.810723565999922 ], [ 153.445811394000089, -27.791436455999929 ], [ 153.432139519000089, -27.935316664999903 ], [ 153.418304884, -27.908786716999941 ], [ 153.399912957000083, -27.954196872999944 ], [ 153.41334069100003, -27.976169528999947 ], [ 153.438975457000083, -27.948988539999903 ], [ 153.449473504000025, -28.073174737999921 ], [ 153.506521030000044, -28.149265231999948 ], [ 153.354185011628942, -28.250006605620342 ], [ 153.192489454624592, -28.259825127627551 ], [ 153.10665490120266, -28.353876235299992 ], [ 152.865687697728958, -28.322767021980496 ], [ 152.751017694111283, -28.358010348598725 ], [ 152.616658969635637, -28.293208103171423 ], [ 152.594024692985158, -28.324472345222546 ], [ 152.56415571491425, -28.332998956036988 ], [ 152.539971144652554, -28.317702731795634 ], [ 152.528343948414431, -28.278221938191905 ], [ 152.487157830669275, -28.263390801943956 ], [ 152.432587519298522, -28.304628594733856 ], [ 152.386957228992856, -28.365761813956567 ], [ 152.291717563814473, -28.386329033957736 ], [ 152.232703078084569, -28.434956556899579 ], [ 152.163973423134962, -28.437075291291649 ], [ 151.963985630932029, -28.540066420029234 ], [ 151.958404575910436, -28.560581964086396 ], [ 152.003259718960749, -28.633652438809008 ], [ 152.067028435613793, -28.703157241013855 ], [ 152.013646681748924, -28.899217624593689 ], [ 151.928742304313801, -28.925365898717246 ], [ 151.858772414115606, -28.916322523965334 ], [ 151.824149205121671, -28.973580010509068 ], [ 151.766271600953587, -28.951204116276926 ], [ 151.725137160051872, -28.886660251469436 ], [ 151.564423455877773, -28.950583997753313 ], [ 151.526544630929948, -29.008254897245706 ], [ 151.520188429552377, -29.061378268692124 ], [ 151.422675002149617, -29.154550877221197 ], [ 151.376114536756404, -29.170622246919152 ], [ 151.350896437720394, -29.165454603946841 ], [ 151.342628209324289, -29.12282154717667 ], [ 151.315343051840273, -29.099257093639949 ], [ 151.287437779429865, -28.92081837246991 ], [ 151.160520461050396, -28.846094252247951 ], [ 151.062128533604891, -28.828007500945432 ], [ 151.045902134276048, -28.734886570159063 ], [ 150.97939456560664, -28.72367278417164 ], [ 150.933557570625339, -28.687137547260022 ], [ 150.793514439239971, -28.635047702789279 ], [ 150.62112186108493, -28.65892221378914 ], [ 150.449556106129307, -28.646468193452392 ], [ 150.298144159125627, -28.534950453000988 ], [ 150.258353306260005, -28.553140557990332 ], [ 150.158514438890165, -28.554587497914724 ], [ 150.019814894641627, -28.600114434533509 ], [ 149.759158970310182, -28.606987399848606 ], [ 149.704485305252547, -28.627451267062327 ], [ 149.620872838110927, -28.607814223047967 ], [ 149.595241327025519, -28.565387871852806 ], [ 149.484447056086765, -28.58393971114873 ], [ 149.416337518761452, -28.68072966903901 ], [ 149.265649042169457, -28.740726006699845 ], [ 149.178625930342378, -28.818240654882345 ], [ 149.093566522377046, -28.848419692215032 ], [ 149.063387485943622, -28.936321303185593 ], [ 148.971403435819866, -28.999728284632624 ], [ 141.000107049700546, -28.999934991106954 ], [ 141.000107049700546, -25.999911390798047 ], [ 138.000186802179087, -25.999911390798047 ], [ 138.000173373000052, -16.541599216999941 ], [ 138.061534050000091, -16.612725518999923 ], [ 138.184255405000044, -16.697198174999926 ] ] ], [ [ [ 146.868662957000083, -19.102308851999908 ], [ 146.867035352000016, -19.163832289999959 ], [ 146.856455925000091, -19.151299737999921 ], [ 146.820078972000033, -19.17506275799991 ], [ 146.780284050000091, -19.132012627999927 ], [ 146.832855665000011, -19.102308851999908 ], [ 146.860199415000011, -19.115980726999908 ], [ 146.868662957000083, -19.102308851999908 ] ] ], [ [ [ 146.654470248000052, -18.770196221999925 ], [ 146.570160352000016, -18.760837497999944 ], [ 146.58130944100003, -18.682224216999941 ], [ 146.634125196000014, -18.736504815999922 ], [ 146.683441602000016, -18.743584893999923 ], [ 146.654470248000052, -18.770196221999925 ] ] ], [ [ [ 146.353037957000083, -18.410332940999922 ], [ 146.291677280000044, -18.492852471999925 ], [ 146.223399285000028, -18.465508721999925 ], [ 146.199229363000086, -18.375258070999905 ], [ 146.172373894000089, -18.334730726999908 ], [ 146.09888756600003, -18.278090101999908 ], [ 146.09734134200005, -18.245212497999944 ], [ 146.217458530000044, -18.277927341999941 ], [ 146.229502800000091, -18.198011976999908 ], [ 146.248545769000089, -18.232598565999922 ], [ 146.302093946000014, -18.237237237999921 ], [ 146.278330925000091, -18.307386976999908 ], [ 146.308767123000052, -18.351983330999929 ], [ 146.339366082000083, -18.361911716999941 ], [ 146.337901238000086, -18.380303643999923 ], [ 146.319021030000044, -18.382989190999922 ], [ 146.353037957000083, -18.410332940999922 ] ] ], [ [ [ 139.569346550000091, -17.100355726999908 ], [ 139.505381707000083, -17.121840101999908 ], [ 139.462657097000033, -17.100762627999927 ], [ 139.433929884, -17.121514580999929 ], [ 139.432383660000028, -17.142836195999905 ], [ 139.40398196700005, -17.100681247999944 ], [ 139.449229363000086, -17.063409112999921 ], [ 139.493907097000033, -16.985121351999908 ], [ 139.56218509200005, -17.039239190999922 ], [ 139.569346550000091, -17.100355726999908 ] ] ], [ [ [ 139.148448113000086, -16.834649346999925 ], [ 139.121918165000011, -16.836358330999929 ], [ 139.107676629000025, -16.862481377999927 ], [ 139.089203321000014, -16.827569268999923 ], [ 139.155039910000028, -16.812920830999929 ], [ 139.148448113000086, -16.834649346999925 ] ] ], [ [ [ 139.734141472000033, -16.505466403999947 ], [ 139.719086134, -16.484307549999926 ], [ 139.707692905000044, -16.526462497999944 ], [ 139.656504754000025, -16.519952080999929 ], [ 139.610524936000047, -16.553155205999929 ], [ 139.552500847000033, -16.483330987999921 ], [ 139.528086785000028, -16.512302341999941 ], [ 139.487071160000028, -16.517836195999905 ], [ 139.52466881600003, -16.556898695999905 ], [ 139.473643425000091, -16.557386976999908 ], [ 139.472829623000052, -16.607842705999929 ], [ 139.444672071000014, -16.664646091999941 ], [ 139.39771569100003, -16.642022393999923 ], [ 139.359711134, -16.697198174999926 ], [ 139.302093946000014, -16.724541924999926 ], [ 139.23755944100003, -16.724867445999905 ], [ 139.177989129000025, -16.662367445999905 ], [ 139.181976759, -16.732679945999905 ], [ 139.144867384, -16.756036065999922 ], [ 139.136973504000025, -16.697198174999926 ], [ 139.172618035000028, -16.600355726999908 ], [ 139.208750847000033, -16.569105726999908 ], [ 139.221853061000047, -16.525567315999922 ], [ 139.30827884200005, -16.461195570999905 ], [ 139.48755944100003, -16.433526299999926 ], [ 139.582692905000044, -16.395603122999944 ], [ 139.644053582000083, -16.437758070999905 ], [ 139.699392123000052, -16.443291924999926 ], [ 139.691905144000089, -16.463799737999921 ], [ 139.710134311000047, -16.468845309999949 ], [ 139.734141472000033, -16.443291924999926 ], [ 139.734141472000033, -16.505466403999947 ] ] ], [ [ [ 142.273448113000086, -10.718357028999947 ], [ 142.206065300000091, -10.733086846999925 ], [ 142.187022332000083, -10.769626559999949 ], [ 142.153168165000011, -10.755629164999959 ], [ 142.112315300000091, -10.684340101999908 ], [ 142.118174675000091, -10.653497002999927 ], [ 142.180186394000089, -10.615411065999922 ], [ 142.193207227000016, -10.59148528399993 ], [ 142.212250196000014, -10.597588799999926 ], [ 142.278819207000083, -10.690524997999944 ], [ 142.273448113000086, -10.718357028999947 ] ] ], [ [ [ 142.274424675000091, -10.640801690999922 ], [ 142.24732506600003, -10.599786065999922 ], [ 142.262217644000089, -10.57781340899993 ], [ 142.294281446000014, -10.573174737999921 ], [ 142.325205925000091, -10.612399997999944 ], [ 142.274424675000091, -10.640801690999922 ] ] ], [ [ [ 142.340505405000044, -10.190850518999923 ], [ 142.289805535000028, -10.260186455999929 ], [ 142.221202019000089, -10.242120049999926 ], [ 142.193207227000016, -10.193617445999905 ], [ 142.23170006600003, -10.14185963299991 ], [ 142.293467644000089, -10.138929945999905 ], [ 142.340505405000044, -10.190850518999923 ] ] ], [ [ [ 142.197520379000025, -10.092461846999925 ], [ 142.167002800000091, -10.182061455999929 ], [ 142.142914259, -10.185642184999949 ], [ 142.099131707000083, -10.135674737999921 ], [ 142.142100457000083, -10.050388278999947 ], [ 142.197520379000025, -10.092461846999925 ] ] ], [ [ [ 142.741953972000033, -9.41920338299991 ], [ 142.641612175000091, -9.428399346999925 ], [ 142.60124759200005, -9.399509372999944 ], [ 142.637461785000028, -9.373955987999921 ], [ 142.771006707000083, -9.373711846999925 ], [ 142.782562696000014, -9.386325778999947 ], [ 142.741953972000033, -9.41920338299991 ] ] ], [ [ [ 142.279144727000016, -9.287041924999926 ], [ 142.180837436000047, -9.284763278999947 ], [ 142.150889519000089, -9.271416924999926 ], [ 142.164235873000052, -9.250746351999908 ], [ 142.206879102000016, -9.240166924999926 ], [ 142.280121290000011, -9.261651299999926 ], [ 142.279144727000016, -9.287041924999926 ] ] ], [ [ [ 153.508555535000028, -27.504082940999922 ], [ 153.455902540000011, -27.720798434999949 ], [ 153.403330925000091, -27.72625090899993 ], [ 153.391368035000028, -27.701836846999925 ], [ 153.411468946000014, -27.637139580999929 ], [ 153.397959832000083, -27.606377862999921 ], [ 153.411468946000014, -27.548028252999927 ], [ 153.397959832000083, -27.493096612999921 ], [ 153.442393425000091, -27.387302341999941 ], [ 153.487315300000091, -27.415215752999927 ], [ 153.548838738000086, -27.415215752999927 ], [ 153.508555535000028, -27.504082940999922 ] ] ], [ [ [ 153.376475457000083, -27.247816664999903 ], [ 153.363129102000016, -27.055271091999941 ], [ 153.462738477000016, -27.020603122999944 ], [ 153.46607506600003, -27.060153903999947 ], [ 153.418223504000025, -27.222832940999922 ], [ 153.432139519000089, -27.322442315999922 ], [ 153.423024936000047, -27.358168226999908 ], [ 153.397471550000091, -27.269138278999947 ], [ 153.376475457000083, -27.247816664999903 ] ] ], [ [ [ 152.953623894000089, -25.278497002999927 ], [ 152.962412957000083, -25.269626559999949 ], [ 152.993662957000083, -25.30396900799991 ], [ 153.006358269000089, -25.327732028999947 ], [ 152.993907097000033, -25.338474216999941 ], [ 152.953623894000089, -25.278497002999927 ] ] ], [ [ [ 153.345469597000033, -25.081638278999947 ], [ 153.160655144000089, -25.463148695999905 ], [ 153.083506707000083, -25.665785414999959 ], [ 153.099864129000025, -25.757745049999926 ], [ 153.08326256600003, -25.786879164999903 ], [ 153.055349155000044, -25.797133070999905 ], [ 152.999359571000014, -25.728610934999949 ], [ 152.986501498000052, -25.619561455999929 ], [ 152.95826256600003, -25.611748955999929 ], [ 152.946299675000091, -25.582940362999921 ], [ 152.948252800000091, -25.552178643999923 ], [ 152.985850457000083, -25.52507903399993 ], [ 153.000743035000028, -25.434014580999929 ], [ 153.03484134200005, -25.399834893999923 ], [ 153.068532748000052, -25.329034112999921 ], [ 153.056162957000083, -25.273207289999959 ], [ 153.068858269000089, -25.248467705999929 ], [ 153.014414910000028, -25.211521091999941 ], [ 153.178721550000091, -25.087497653999947 ], [ 153.226084832000083, -25.027520440999922 ], [ 153.249196811000047, -24.954847914999959 ], [ 153.239593946000014, -24.913262627999927 ], [ 153.194102410000028, -24.840752862999921 ], [ 153.163259311000047, -24.812432549999926 ], [ 153.137217644000089, -24.817071221999925 ], [ 153.195567254000025, -24.748711846999925 ], [ 153.281260613000086, -24.693536065999922 ], [ 153.284922722000033, -24.87664153399993 ], [ 153.302256707000083, -24.929457289999959 ], [ 153.369965040000011, -24.989027601999908 ], [ 153.345469597000033, -25.081638278999947 ] ] ], [ [ [ 151.362640821000014, -23.871758721999925 ], [ 151.328623894000089, -23.802911065999922 ], [ 151.321055535000028, -23.768731377999927 ], [ 151.33326256600003, -23.750176690999922 ], [ 151.383067254000025, -23.840101820999905 ], [ 151.383067254000025, -23.879571221999925 ], [ 151.362640821000014, -23.871758721999925 ] ] ], [ [ [ 151.291026238000086, -23.749932549999926 ], [ 151.266449415000011, -23.776136976999908 ], [ 151.213877800000091, -23.778090101999908 ], [ 151.168955925000091, -23.729913018999923 ], [ 151.147308790000011, -23.675225518999923 ], [ 150.979607397, -23.487385632999917 ], [ 151.022381212000028, -23.469327049999947 ], [ 151.027517123000052, -23.444512627999927 ], [ 151.071299675000091, -23.447198174999926 ], [ 151.081553582000083, -23.474541924999926 ], [ 151.180186394000089, -23.507256768999923 ], [ 151.191416863000086, -23.513848565999922 ], [ 151.17701256600003, -23.529066664999959 ], [ 151.195078972000033, -23.533868096999925 ], [ 151.239105665000011, -23.488864841999941 ], [ 151.229340040000011, -23.607517184999949 ], [ 151.25123131600003, -23.656996351999908 ], [ 151.287771030000044, -23.679131768999923 ], [ 151.291026238000086, -23.749932549999926 ] ] ], [ [ [ 149.766286655000044, -22.364678643999923 ], [ 149.751963738000086, -22.398858330999929 ], [ 149.724782748000052, -22.439873955999929 ], [ 149.710297071000014, -22.425551039999959 ], [ 149.710297071000014, -22.385186455999929 ], [ 149.72779381600003, -22.340508721999925 ], [ 149.766286655000044, -22.364678643999923 ] ] ], [ [ [ 150.560801629000025, -22.295830987999921 ], [ 150.519786004000025, -22.340508721999925 ], [ 150.482269727000016, -22.34498463299991 ], [ 150.49187259200005, -22.316338799999926 ], [ 150.457774285000028, -22.310153903999947 ], [ 150.493662957000083, -22.255059502999927 ], [ 150.478363477000016, -22.216241143999923 ], [ 150.504567905000044, -22.216729424999926 ], [ 150.529795769000089, -22.271742445999905 ], [ 150.560801629000025, -22.295830987999921 ] ] ], [ [ [ 149.930023634, -22.13445403399993 ], [ 149.92156009200005, -22.19068775799991 ], [ 149.888519727000016, -22.226820570999905 ], [ 149.869395379000025, -22.14226653399993 ], [ 149.893565300000091, -22.061130466999941 ], [ 149.916514519000089, -22.041924737999921 ], [ 149.909678582000083, -22.086602471999925 ], [ 149.930023634, -22.13445403399993 ] ] ], [ [ [ 150.368907097000033, -21.726739190999922 ], [ 150.342784050000091, -21.771742445999905 ], [ 150.293223504000025, -21.74773528399993 ], [ 150.368907097000033, -21.726739190999922 ] ] ], [ [ [ 150.290537957000083, -21.681084893999923 ], [ 150.25749759200005, -21.668389580999929 ], [ 150.246104363000086, -21.678887627999927 ], [ 150.246104363000086, -21.623630466999941 ], [ 150.305349155000044, -21.659763278999947 ], [ 150.290537957000083, -21.681084893999923 ] ] ], [ [ [ 149.115082227000016, -20.479668877999927 ], [ 149.072113477000016, -20.516208591999941 ], [ 149.053070509, -20.528090101999908 ], [ 149.043142123000052, -20.517510674999926 ], [ 149.039398634, -20.500746351999908 ], [ 149.081797722000033, -20.472263278999947 ], [ 149.094086134, -20.418226820999905 ], [ 149.115082227000016, -20.479668877999927 ] ] ], [ [ [ 149.018890821000014, -20.328871351999908 ], [ 149.003754102000016, -20.311618747999944 ], [ 148.971202019000089, -20.321465752999927 ], [ 148.971202019000089, -20.281019789999959 ], [ 148.92701256600003, -20.287286065999922 ], [ 148.964040561000047, -20.250583591999941 ], [ 148.968923373000052, -20.237725518999923 ], [ 148.950043165000011, -20.232679945999905 ], [ 148.984873894000089, -20.151462497999944 ], [ 149.004079623000052, -20.229261976999908 ], [ 149.029551629000025, -20.239434502999927 ], [ 149.073415561000047, -20.299981377999927 ], [ 149.067393425000091, -20.315199476999908 ], [ 149.039398634, -20.287286065999922 ], [ 149.018890821000014, -20.328871351999908 ] ] ], [ [ [ 148.922129754000025, -20.152764580999929 ], [ 148.902191602000016, -20.164971612999921 ], [ 148.881846550000091, -20.137627862999921 ], [ 148.915863477000016, -20.089288018999923 ], [ 148.909027540000011, -20.068780205999929 ], [ 148.948008660000028, -20.06373463299991 ], [ 148.963715040000011, -20.041599216999941 ], [ 148.980235222000033, -20.056898695999905 ], [ 148.943858269000089, -20.113457940999922 ], [ 148.957530144000089, -20.14381275799991 ], [ 148.923350457000083, -20.178643487999921 ], [ 148.922129754000025, -20.152764580999929 ] ] ] ] } },
{ "type": "Feature", "properties": { "nem_region": "SA1", "nem_label": "South Australia", "label_lon": 136.94875760504038, "label_lat": -32.035577081499923 }, "geometry": { "type": "MultiPolygon", "coordinates": [ [ [ [ 138.12818444100003, -35.848809502999927 ], [ 138.047699415000011, -35.918633721999925 ], [ 138.003754102000016, -35.913506768999923 ], [ 137.932465040000011, -35.875258070999905 ], [ 137.821787957000083, -35.864027601999908 ], [ 137.628754102000016, -35.910332940999922 ], [ 137.606944207000083, -35.943942966999941 ], [ 137.622569207000083, -35.990817966999941 ], [ 137.602305535000028, -36.025811455999929 ], [ 137.459239129000025, -36.082696221999925 ], [ 137.371104363000086, -36.010837497999944 ], [ 137.227875196000014, -35.97975025799991 ], [ 137.187998894000089, -35.993096612999921 ], [ 137.171234571000014, -36.033623955999929 ], [ 137.13990319100003, -36.04225025799991 ], [ 137.019786004000025, -36.021742445999905 ], [ 136.920420769000089, -36.049493096999925 ], [ 136.862152540000011, -36.028497002999927 ], [ 136.715586785000028, -36.062758070999905 ], [ 136.656748894000089, -35.97389088299991 ], [ 136.591319207000083, -35.956638278999947 ], [ 136.532562696000014, -35.911879164999903 ], [ 136.581553582000083, -35.768487237999921 ], [ 136.597829623000052, -35.75750090899993 ], [ 136.691254102000016, -35.746026299999926 ], [ 136.805186394000089, -35.707940362999921 ], [ 137.074473504000025, -35.671644789999903 ], [ 137.279958530000044, -35.616957289999903 ], [ 137.335134311000047, -35.582940362999921 ], [ 137.44499759200005, -35.610935153999947 ], [ 137.622894727000016, -35.582126559999949 ], [ 137.633636915000011, -35.603773695999905 ], [ 137.597992384, -35.617282809999949 ], [ 137.581553582000083, -35.645440362999921 ], [ 137.64771569100003, -35.65943775799991 ], [ 137.580821160000028, -35.726820570999905 ], [ 137.601817254000025, -35.743910414999903 ], [ 137.686045769000089, -35.75750090899993 ], [ 137.778493686000047, -35.73951588299991 ], [ 137.794444207000083, -35.804782809999949 ], [ 137.812754754000025, -35.811455987999921 ], [ 137.871348504000025, -35.793064059999949 ], [ 137.908539259, -35.729099216999941 ], [ 137.965586785000028, -35.730238539999903 ], [ 138.064707879000025, -35.76100025799991 ], [ 138.080332879000025, -35.809258721999925 ], [ 138.129649285000028, -35.816338799999926 ], [ 138.12818444100003, -35.848809502999927 ] ] ], [ [ [ 136.462901238000086, -35.139743747999944 ], [ 136.492198113000086, -35.178887627999927 ], [ 136.439952019000089, -35.161716403999947 ], [ 136.462901238000086, -35.139743747999944 ] ] ], [ [ [ 136.199717644000089, -35.032810153999947 ], [ 136.201345248000052, -35.075372002999927 ], [ 136.162119988000086, -35.065524997999944 ], [ 136.142832879000025, -35.000664971999925 ], [ 136.086110873000052, -34.948174737999921 ], [ 136.126963738000086, -34.948418877999927 ], [ 136.199717644000089, -35.032810153999947 ] ] ], [ [ [ 137.354828321000014, -34.538018487999921 ], [ 137.336192254000025, -34.51531340899993 ], [ 137.369151238000086, -34.472426039999903 ], [ 137.373789910000028, -34.498223565999922 ], [ 137.354828321000014, -34.538018487999921 ] ] ], [ [ [ 134.550629102000016, -33.73365650799991 ], [ 134.511566602000016, -33.746270440999922 ], [ 134.479014519000089, -33.783623955999929 ], [ 134.486338738000086, -33.711683851999908 ], [ 134.539561394000089, -33.696465752999927 ], [ 134.550629102000016, -33.73365650799991 ] ] ], [ [ [ 133.560394727000016, -32.274590752999927 ], [ 133.597992384, -32.251153252999927 ], [ 133.675547722000033, -32.239353122999944 ], [ 133.62037194100003, -32.259698174999926 ], [ 133.633962436000047, -32.280205987999921 ], [ 133.610118035000028, -32.307549737999921 ], [ 133.56568444100003, -32.321221612999921 ], [ 133.541514519000089, -32.312595309999949 ], [ 133.560394727000016, -32.274590752999927 ] ] ], [ [ [ 134.118011915000011, -32.452080987999921 ], [ 134.082855665000011, -32.470472914999903 ], [ 134.031993035000028, -32.466403903999947 ], [ 133.994476759, -32.506117445999905 ], [ 133.936696811000047, -32.500909112999921 ], [ 133.901215040000011, -32.543064059999949 ], [ 133.85670006600003, -32.541110934999949 ], [ 133.869151238000086, -32.432549737999921 ], [ 133.896250847000033, -32.399183851999908 ], [ 133.910899285000028, -32.422458591999941 ], [ 133.929860873000052, -32.420017184999949 ], [ 133.949961785000028, -32.389418226999908 ], [ 133.826426629000025, -32.24537525799991 ], [ 133.776703321000014, -32.264255466999941 ], [ 133.760752800000091, -32.21648528399993 ], [ 133.693614129000025, -32.19109465899993 ], [ 133.69263756600003, -32.163506768999923 ], [ 133.662119988000086, -32.143731377999927 ], [ 133.682383660000028, -32.122653903999947 ], [ 133.649180535000028, -32.101657809999949 ], [ 133.586192254000025, -32.103122653999947 ], [ 133.561371290000011, -32.172133070999905 ], [ 133.496348504000025, -32.144707940999922 ], [ 133.476817254000025, -32.111911716999941 ], [ 133.418711785000028, -32.133477471999925 ], [ 133.418223504000025, -32.156914971999925 ], [ 133.472666863000086, -32.173028252999927 ], [ 133.494313998000052, -32.199639580999929 ], [ 133.435883009, -32.190850518999923 ], [ 133.41179446700005, -32.211358330999929 ], [ 133.305511915000011, -32.190850518999923 ], [ 133.270843946000014, -32.218845309999949 ], [ 133.19263756600003, -32.184665622999944 ], [ 133.147797071000014, -32.196709893999923 ], [ 133.033946160000028, -32.097100518999923 ], [ 132.976573113000086, -32.108982028999947 ], [ 132.96607506600003, -32.073174737999921 ], [ 132.776215040000011, -31.95086028399993 ], [ 132.516123894000089, -31.941338799999926 ], [ 132.47584069100003, -31.955010674999926 ], [ 132.452891472000033, -31.983982028999947 ], [ 132.483164910000028, -32.026462497999944 ], [ 132.471853061000047, -32.030450127999927 ], [ 132.397797071000014, -32.012790622999944 ], [ 132.326182488000086, -32.033135674999926 ], [ 132.233734571000014, -32.032972914999903 ], [ 132.161631707000083, -31.991631768999923 ], [ 132.077891472000033, -31.907810153999947 ], [ 131.782969597000033, -31.72779713299991 ], [ 131.535899285000028, -31.605564059999949 ], [ 131.177500847000033, -31.477634372999944 ], [ 131.135427280000044, -31.474786065999922 ], [ 130.993500196000014, -31.554294528999947 ], [ 130.790049675000091, -31.608086846999925 ], [ 130.156911655000044, -31.57390715899993 ], [ 130.078786655000044, -31.594333591999941 ], [ 129.943614129000025, -31.589288018999923 ], [ 129.75318444100003, -31.615492445999905 ], [ 129.536875847000033, -31.622247002999927 ], [ 129.451182488000086, -31.643324476999908 ], [ 129.20045006600003, -31.656426690999922 ], [ 129.13835696700005, -31.677504164999903 ], [ 129.000091993000069, -31.689222914999903 ], [ 129.000116002151685, -25.999911390798047 ], [ 141.000107049700546, -25.999911390798047 ], [ 141.000107049700546, -34.018543389565764 ], [ 140.967085809362516, -33.986452325214657 ], [ 140.968174193916866, -38.059425698082656 ], [ 140.690196160000028, -38.068129164999903 ], [ 140.602386915000011, -38.037774346999925 ], [ 140.457286004000025, -37.93914153399993 ], [ 140.398203972000033, -37.919854424999926 ], [ 140.359873894000089, -37.88209400799991 ], [ 140.33716881600003, -37.81609465899993 ], [ 140.240570509, -37.665948174999926 ], [ 140.110199415000011, -37.570407809999949 ], [ 140.134287957000083, -37.556735934999949 ], [ 140.114268425000091, -37.517510674999926 ], [ 140.036468946000014, -37.482517184999949 ], [ 140.021494988000086, -37.501560153999947 ], [ 139.988047722000033, -37.487074476999908 ], [ 139.794932488000086, -37.268731377999927 ], [ 139.741547071000014, -37.180840752999927 ], [ 139.781260613000086, -37.152601820999905 ], [ 139.78834069100003, -37.12623463299991 ], [ 139.739756707000083, -37.056410414999903 ], [ 139.729177280000044, -37.003838799999926 ], [ 139.672048373000052, -36.953383070999905 ], [ 139.815440300000091, -36.879001559999949 ], [ 139.842133009, -36.845879815999922 ], [ 139.863536004000025, -36.76726653399993 ], [ 139.853688998000052, -36.621758721999925 ], [ 139.729014519000089, -36.37232838299991 ], [ 139.567393425000091, -36.075290622999944 ], [ 139.514984571000014, -36.035332940999922 ], [ 139.45671634200005, -35.957940362999921 ], [ 139.19890384200005, -35.746758721999925 ], [ 138.917816602000016, -35.576755466999941 ], [ 138.959239129000025, -35.566664320999905 ], [ 139.000987175000091, -35.585381768999923 ], [ 139.447520379000025, -35.927341403999947 ], [ 139.565196160000028, -36.049737237999921 ], [ 139.672048373000052, -36.22779713299991 ], [ 139.593760613000086, -36.022556247999944 ], [ 139.475433790000011, -35.896416924999926 ], [ 139.418142123000052, -35.871677341999941 ], [ 139.18677819100003, -35.69068775799991 ], [ 139.041351759, -35.604099216999941 ], [ 139.041351759, -35.573988539999903 ], [ 139.075531446000014, -35.576755466999941 ], [ 139.085948113000086, -35.535332940999922 ], [ 139.135427280000044, -35.498304945999905 ], [ 139.155284050000091, -35.503350518999923 ], [ 139.234141472000033, -35.547539971999925 ], [ 139.224864129000025, -35.615411065999922 ], [ 139.256521030000044, -35.63640715899993 ], [ 139.224864129000025, -35.675876559999949 ], [ 139.229502800000091, -35.689385674999926 ], [ 139.297618035000028, -35.700616143999923 ], [ 139.338063998000052, -35.687432549999926 ], [ 139.355723504000025, -35.593357028999947 ], [ 139.218923373000052, -35.507256768999923 ], [ 139.28443444100003, -35.480564059999949 ], [ 139.36101321700005, -35.48951588299991 ], [ 139.375498894000089, -35.463962497999944 ], [ 139.349864129000025, -35.42896900799991 ], [ 139.36296634200005, -35.376885674999926 ], [ 139.351328972000033, -35.370212497999944 ], [ 139.315196160000028, -35.397881768999923 ], [ 139.301442905000044, -35.356622002999927 ], [ 139.267588738000086, -35.33131275799991 ], [ 139.177989129000025, -35.315362237999921 ], [ 139.19849694100003, -35.329034112999921 ], [ 139.184255405000044, -35.344008070999905 ], [ 139.102061394000089, -35.389255466999941 ], [ 139.027679884, -35.384372653999947 ], [ 138.961192254000025, -35.413832289999903 ], [ 138.956879102000016, -35.463799737999921 ], [ 139.031423373000052, -35.497002862999921 ], [ 139.03093509200005, -35.517510674999926 ], [ 138.917816602000016, -35.501071872999944 ], [ 138.881114129000025, -35.471123955999929 ], [ 138.793793165000011, -35.483982028999947 ], [ 138.826345248000052, -35.507012627999927 ], [ 138.910004102000016, -35.509942315999922 ], [ 138.946625196000014, -35.53639088299991 ], [ 138.979340040000011, -35.528252862999921 ], [ 138.999766472000033, -35.53875090899993 ], [ 138.99341881600003, -35.547539971999925 ], [ 138.869476759, -35.56178150799991 ], [ 138.814463738000086, -35.538995049999926 ], [ 138.745860222000033, -35.53875090899993 ], [ 138.639008009, -35.567071221999925 ], [ 138.605804884, -35.610039971999925 ], [ 138.531260613000086, -35.645928643999923 ], [ 138.437022332000083, -35.657810153999947 ], [ 138.28052819100003, -35.644301039999903 ], [ 138.201670769000089, -35.671644789999903 ], [ 138.158376498000052, -35.65984465899993 ], [ 138.107432488000086, -35.620700778999947 ], [ 138.139008009, -35.540459893999923 ], [ 138.257578972000033, -35.490655205999929 ], [ 138.356455925000091, -35.384535414999903 ], [ 138.438161655000044, -35.342705987999921 ], [ 138.445567254000025, -35.260837497999944 ], [ 138.472178582000083, -35.227227471999925 ], [ 138.459239129000025, -35.185642184999949 ], [ 138.466563347000033, -35.110528252999927 ], [ 138.513926629000025, -35.038262627999927 ], [ 138.486501498000052, -34.873467705999929 ], [ 138.493907097000033, -34.791599216999941 ], [ 138.500987175000091, -34.770928643999923 ], [ 138.535004102000016, -34.780857028999947 ], [ 138.548024936000047, -34.801446221999925 ], [ 138.550629102000016, -34.781914971999925 ], [ 138.536306186000047, -34.740899346999925 ], [ 138.445567254000025, -34.685967705999929 ], [ 138.433604363000086, -34.636488539999903 ], [ 138.36882571700005, -34.590508721999925 ], [ 138.329600457000083, -34.520603122999944 ], [ 138.29420006600003, -34.504571221999925 ], [ 138.226573113000086, -34.320489190999922 ], [ 138.205332879000025, -34.288181247999944 ], [ 138.155609571000014, -34.260430596999925 ], [ 138.158864780000044, -34.211846612999921 ], [ 138.078135613000086, -34.128350518999923 ], [ 138.009287957000083, -34.244317315999922 ], [ 138.037771030000044, -34.308038018999923 ], [ 137.93091881600003, -34.414808851999908 ], [ 137.89226321700005, -34.526055596999925 ], [ 137.883148634, -34.589776299999926 ], [ 137.910411004000025, -34.623955987999921 ], [ 137.879079623000052, -34.690606377999927 ], [ 137.870127800000091, -34.774102471999925 ], [ 137.814789259, -34.860121351999908 ], [ 137.774424675000091, -34.97625090899993 ], [ 137.773936394000089, -35.03484465899993 ], [ 137.746918165000011, -35.058851820999905 ], [ 137.749522332000083, -35.131036065999922 ], [ 137.671397332000083, -35.180840752999927 ], [ 137.561045769000089, -35.131036065999922 ], [ 137.425547722000033, -35.118259372999944 ], [ 137.332041863000086, -35.172051690999922 ], [ 137.238942905000044, -35.172051690999922 ], [ 137.16920006600003, -35.242282809999949 ], [ 137.039724155000044, -35.227227471999925 ], [ 136.913584832000083, -35.29656340899993 ], [ 136.873871290000011, -35.294691664999903 ], [ 136.839366082000083, -35.256117445999905 ], [ 136.855479363000086, -35.204685153999947 ], [ 136.929860873000052, -35.151543877999927 ], [ 136.960948113000086, -35.096449476999908 ], [ 136.941254102000016, -35.029880466999941 ], [ 136.975759311000047, -34.996758721999925 ], [ 136.971446160000028, -34.965915622999944 ], [ 137.019786004000025, -34.901462497999944 ], [ 137.139496290000011, -34.926039320999905 ], [ 137.26685631600003, -34.905043226999908 ], [ 137.391286655000044, -34.954034112999921 ], [ 137.446136915000011, -34.917413018999923 ], [ 137.458018425000091, -34.801446221999925 ], [ 137.512705925000091, -34.617771091999941 ], [ 137.480235222000033, -34.526543877999927 ], [ 137.478526238000086, -34.466241143999923 ], [ 137.459483269000089, -34.447523695999905 ], [ 137.414317254000025, -34.472426039999903 ], [ 137.483897332000083, -34.355401299999926 ], [ 137.489105665000011, -34.237725518999923 ], [ 137.45240319100003, -34.155694268999923 ], [ 137.470550977000016, -34.137872002999927 ], [ 137.506521030000044, -34.150323174999926 ], [ 137.548594597000033, -34.08717213299991 ], [ 137.551605665000011, -34.049574476999908 ], [ 137.531911655000044, -34.015394789999903 ], [ 137.627940300000091, -33.920098565999922 ], [ 137.602061394000089, -33.87664153399993 ], [ 137.715342644000089, -33.787286065999922 ], [ 137.77662194100003, -33.693536065999922 ], [ 137.800547722000033, -33.69850025799991 ], [ 137.878842322000082, -33.597869852999906 ], [ 137.903678097000011, -33.587693767999951 ], [ 137.906058648, -33.627566187999946 ], [ 137.93091881600003, -33.61646900799991 ], [ 137.937492036000094, -33.527840294999919 ], [ 137.862339530000099, -33.396009693999929 ], [ 137.869624585, -33.358437087999903 ], [ 137.818187880000096, -33.293635289999941 ], [ 137.810443781, -33.259984963999955 ], [ 137.854991082000083, -33.190606377999927 ], [ 137.952159050000091, -33.143649997999944 ], [ 138.037119988000086, -33.139580987999921 ], [ 138.040212436000047, -33.081638278999947 ], [ 138.010101759, -33.024102471999925 ], [ 137.957774285000028, -33.004652601999908 ], [ 137.902354363000086, -32.787530205999929 ], [ 137.938487175000091, -32.752618096999925 ], [ 137.849131707000083, -32.697930596999925 ], [ 137.849131707000083, -32.650160414999903 ], [ 137.80396569100003, -32.594659112999921 ], [ 137.821787957000083, -32.568291924999926 ], [ 137.786957227000016, -32.553887627999927 ], [ 137.773936394000089, -32.519789320999905 ], [ 137.752777540000011, -32.574395440999922 ], [ 137.753916863000086, -32.693454684999949 ], [ 137.79656009200005, -32.726495049999926 ], [ 137.809255405000044, -32.84693775799991 ], [ 137.780121290000011, -32.910821221999925 ], [ 137.752777540000011, -32.91765715899993 ], [ 137.778330925000091, -32.982842705999929 ], [ 137.733083530000044, -32.991794528999947 ], [ 137.674001498000052, -32.955254815999922 ], [ 137.63209069100003, -32.961521091999941 ], [ 137.595062696000014, -32.992771091999941 ], [ 137.590342644000089, -33.03484465899993 ], [ 137.512705925000091, -33.108819268999923 ], [ 137.452159050000091, -33.140069268999923 ], [ 137.434336785000028, -33.221856377999927 ], [ 137.388031446000014, -33.293877862999921 ], [ 137.369639519000089, -33.413262627999927 ], [ 137.305674675000091, -33.499200127999927 ], [ 137.224864129000025, -33.653252862999921 ], [ 137.155039910000028, -33.705743096999925 ], [ 137.020192905000044, -33.73015715899993 ], [ 136.945567254000025, -33.682305596999925 ], [ 136.883148634, -33.754815362999921 ], [ 136.889414910000028, -33.770440362999921 ], [ 136.964610222000033, -33.753106377999927 ], [ 136.878916863000086, -33.802504164999903 ], [ 136.807465040000011, -33.808363539999903 ], [ 136.711110873000052, -33.866143487999921 ], [ 136.607432488000086, -33.902927341999941 ], [ 136.58521569100003, -33.921807549999926 ], [ 136.581553582000083, -33.94890715899993 ], [ 136.369395379000025, -34.073418877999927 ], [ 136.354340040000011, -34.12428150799991 ], [ 136.232188347000033, -34.308689059999949 ], [ 136.138031446000014, -34.35475025799991 ], [ 136.114756707000083, -34.383721612999921 ], [ 136.12663821700005, -34.398370049999926 ], [ 136.110850457000083, -34.417575778999947 ], [ 136.12232506600003, -34.483330987999921 ], [ 136.101410352000016, -34.53484465899993 ], [ 136.08716881600003, -34.532403252999927 ], [ 136.069346550000091, -34.481866143999923 ], [ 135.93677819100003, -34.534600518999923 ], [ 135.916270379000025, -34.589776299999926 ], [ 135.943614129000025, -34.637465101999908 ], [ 135.930511915000011, -34.652520440999922 ], [ 135.890798373000052, -34.631117445999905 ], [ 135.86841881600003, -34.668633721999925 ], [ 135.86101321700005, -34.709649346999925 ], [ 135.888926629000025, -34.746840101999908 ], [ 135.882985873000052, -34.768487237999921 ], [ 135.837901238000086, -34.766696872999944 ], [ 135.799489780000044, -34.805271091999941 ], [ 135.818369988000086, -34.821709893999923 ], [ 135.867360873000052, -34.819431247999944 ], [ 135.947032097000033, -34.767347914999903 ], [ 135.985118035000028, -34.78093840899993 ], [ 135.991384311000047, -34.740004164999903 ], [ 136.016368035000028, -34.744073174999926 ], [ 136.012217644000089, -34.818454684999949 ], [ 135.969493035000028, -34.87664153399993 ], [ 136.012461785000028, -34.979668877999927 ], [ 135.964610222000033, -35.00750090899993 ], [ 135.945160352000016, -34.99773528399993 ], [ 135.927500847000033, -34.955173434999949 ], [ 135.864024285000028, -34.929457289999903 ], [ 135.822276238000086, -34.87428150799991 ], [ 135.782725457000083, -34.857598565999922 ], [ 135.74146569100003, -34.86101653399993 ], [ 135.703949415000011, -34.890801690999922 ], [ 135.684092644000089, -34.918145440999922 ], [ 135.690196160000028, -34.94850025799991 ], [ 135.632578972000033, -34.952894789999903 ], [ 135.604014519000089, -34.88014088299991 ], [ 135.457530144000089, -34.731540622999944 ], [ 135.359873894000089, -34.68523528399993 ], [ 135.319672071000014, -34.685967705999929 ], [ 135.340098504000025, -34.638116143999923 ], [ 135.287852410000028, -34.592461846999925 ], [ 135.230479363000086, -34.565036716999941 ], [ 135.121348504000025, -34.604424737999921 ], [ 135.108083530000044, -34.595961195999905 ], [ 135.153168165000011, -34.502211195999905 ], [ 135.209808790000011, -34.431573174999926 ], [ 135.213715040000011, -34.492364190999922 ], [ 135.327159050000091, -34.527764580999929 ], [ 135.30632571700005, -34.563409112999921 ], [ 135.349131707000083, -34.585707289999903 ], [ 135.340830925000091, -34.603448174999926 ], [ 135.370860222000033, -34.62818775799991 ], [ 135.405772332000083, -34.644463799999926 ], [ 135.50359134200005, -34.611911716999941 ], [ 135.437022332000083, -34.599786065999922 ], [ 135.438487175000091, -34.545668226999908 ], [ 135.404958530000044, -34.580336195999905 ], [ 135.389170769000089, -34.569268487999921 ], [ 135.376963738000086, -34.512627862999921 ], [ 135.395518425000091, -34.472426039999903 ], [ 135.361338738000086, -34.40789153399993 ], [ 135.346446160000028, -34.275567315999922 ], [ 135.301280144000089, -34.179782809999949 ], [ 135.265147332000083, -34.178317966999941 ], [ 135.230967644000089, -34.136814059999949 ], [ 135.27312259200005, -34.115899346999925 ], [ 135.265147332000083, -34.017510674999926 ], [ 135.189789259, -33.892998955999929 ], [ 135.138519727000016, -33.869073174999926 ], [ 135.005056186000047, -33.746270440999922 ], [ 134.840830925000091, -33.631280205999929 ], [ 134.854258660000028, -33.62273528399993 ], [ 134.84734134200005, -33.602715752999927 ], [ 134.867930535000028, -33.54461028399993 ], [ 134.86101321700005, -33.479424737999921 ], [ 134.813975457000083, -33.35279713299991 ], [ 134.676605665000011, -33.233330987999921 ], [ 134.730723504000025, -33.225518487999921 ], [ 134.706228061000047, -33.172946872999944 ], [ 134.581553582000083, -33.145928643999923 ], [ 134.574392123000052, -33.176853122999944 ], [ 134.630381707000083, -33.185479424999926 ], [ 134.662364129000025, -33.225518487999921 ], [ 134.628265821000014, -33.246677341999941 ], [ 134.589366082000083, -33.202080987999921 ], [ 134.477549675000091, -33.157321872999944 ], [ 134.377940300000091, -33.177829684999949 ], [ 134.359141472000033, -33.15398528399993 ], [ 134.333506707000083, -33.205010674999926 ], [ 134.278819207000083, -33.162692966999941 ], [ 134.233734571000014, -33.047295830999929 ], [ 134.170664910000028, -33.043145440999922 ], [ 134.148610873000052, -33.027520440999922 ], [ 134.209971550000091, -33.000176690999922 ], [ 134.19068444100003, -32.946465752999927 ], [ 134.164073113000086, -32.938653252999927 ], [ 134.148610873000052, -32.951836846999925 ], [ 134.068695509, -32.929294528999947 ], [ 134.05982506600003, -32.910821221999925 ], [ 134.124034050000091, -32.859307549999926 ], [ 134.132823113000086, -32.83562590899993 ], [ 134.06959069100003, -32.733086846999925 ], [ 134.074066602000016, -32.713962497999944 ], [ 134.216807488000086, -32.72584400799991 ], [ 134.195323113000086, -32.769301039999903 ], [ 134.19695071700005, -32.795586846999925 ], [ 134.214040561000047, -32.806247653999947 ], [ 134.297618035000028, -32.678480726999908 ], [ 134.273285352000016, -32.588067315999922 ], [ 134.229828321000014, -32.523695570999905 ], [ 134.148285352000016, -32.456963799999926 ], [ 134.118011915000011, -32.452080987999921 ] ] ] ] } },
{ "type": "Feature", "properties": { "nem_region": "TAS1", "nem_label": "Tasmania", "label_lon": 146.66832986348572, "label_lat": -42.140272718999938 }, "geometry": { "type": "MultiPolygon", "coordinates": [ [ [ [ 147.364024285000028, -43.379327080999929 ], [ 147.303884311000047, -43.508884372999944 ], [ 147.23755944100003, -43.484307549999926 ], [ 147.236175977000016, -43.450778903999947 ], [ 147.21648196700005, -43.44264088299991 ], [ 147.23755944100003, -43.429620049999926 ], [ 147.215586785000028, -43.415215752999927 ], [ 147.167735222000033, -43.50164153399993 ], [ 147.149180535000028, -43.501153252999927 ], [ 147.086192254000025, -43.429620049999926 ], [ 147.090668165000011, -43.410902601999908 ], [ 147.109222852000016, -43.414971612999921 ], [ 147.179209832000083, -43.454034112999921 ], [ 147.168142123000052, -43.368259372999944 ], [ 147.190114780000044, -43.352715752999927 ], [ 147.225596550000091, -43.385511976999908 ], [ 147.241547071000014, -43.356215101999908 ], [ 147.228526238000086, -43.332207940999922 ], [ 147.304453972000033, -43.261814059999949 ], [ 147.364024285000028, -43.379327080999929 ] ] ], [ [ [ 147.894867384, -43.169040622999944 ], [ 147.882823113000086, -43.131524346999925 ], [ 147.856781446000014, -43.156182549999926 ], [ 147.867523634, -43.203057549999926 ], [ 147.83757571700005, -43.201918226999908 ], [ 147.792491082000083, -43.244073174999926 ], [ 147.700205925000091, -43.162774346999925 ], [ 147.695567254000025, -43.134209893999923 ], [ 147.747894727000016, -43.105726820999905 ], [ 147.647797071000014, -43.072849216999941 ], [ 147.620616082000083, -43.02312590899993 ], [ 147.633555535000028, -43.001153252999927 ], [ 147.682627800000091, -42.984551690999922 ], [ 147.678233269000089, -42.939222914999903 ], [ 147.715179884, -42.937432549999926 ], [ 147.730479363000086, -42.946872653999947 ], [ 147.716807488000086, -43.00514088299991 ], [ 147.763031446000014, -43.037530205999929 ], [ 147.816416863000086, -43.052911065999922 ], [ 147.875498894000089, -43.040948174999926 ], [ 147.909190300000091, -43.018731377999927 ], [ 147.879242384, -43.017998955999929 ], [ 147.845062696000014, -42.988702080999929 ], [ 147.833506707000083, -42.963555596999925 ], [ 147.860687696000014, -42.95045338299991 ], [ 147.833832227000016, -42.944512627999927 ], [ 147.840342644000089, -42.90203215899993 ], [ 147.689463738000086, -42.895277601999908 ], [ 147.621267123000052, -42.861097914999903 ], [ 147.595713738000086, -42.821465752999927 ], [ 147.533539259, -42.836602471999925 ], [ 147.503916863000086, -42.854261976999908 ], [ 147.502940300000091, -42.88209400799991 ], [ 147.559092644000089, -42.977227471999925 ], [ 147.51140384200005, -43.024997653999947 ], [ 147.436208530000044, -43.046075127999927 ], [ 147.402110222000033, -42.998223565999922 ], [ 147.416677280000044, -42.984551690999922 ], [ 147.453298373000052, -43.018731377999927 ], [ 147.469004754000025, -43.011325778999947 ], [ 147.483734571000014, -42.978448174999926 ], [ 147.46648196700005, -42.963555596999925 ], [ 147.477305535000028, -42.908868096999925 ], [ 147.422211134, -42.926934502999927 ], [ 147.409678582000083, -42.888116143999923 ], [ 147.353688998000052, -42.861097914999903 ], [ 147.283702019000089, -42.778497002999927 ], [ 147.260020379000025, -42.790134372999944 ], [ 147.31959069100003, -42.846856377999927 ], [ 147.360199415000011, -42.925225518999923 ], [ 147.330821160000028, -42.978610934999949 ], [ 147.333181186000047, -43.04265715899993 ], [ 147.271739129000025, -43.011325778999947 ], [ 147.254405144000089, -43.027276299999926 ], [ 147.301280144000089, -43.083103122999944 ], [ 147.24773196700005, -43.129164320999905 ], [ 147.257578972000033, -43.254327080999929 ], [ 147.20866946700005, -43.286716403999947 ], [ 147.163828972000033, -43.270114841999941 ], [ 147.158702019000089, -43.240980726999908 ], [ 147.092133009, -43.231866143999923 ], [ 147.118011915000011, -43.19695403399993 ], [ 147.106618686000047, -43.154717705999929 ], [ 147.060557488000086, -43.201592705999929 ], [ 147.024099155000044, -43.179294528999947 ], [ 147.017832879000025, -43.112399997999944 ], [ 146.972911004000025, -43.131117445999905 ], [ 146.96648196700005, -43.198988539999903 ], [ 147.08130944100003, -43.267185153999947 ], [ 147.099782748000052, -43.299411716999941 ], [ 147.065114780000044, -43.326592705999929 ], [ 147.019379102000016, -43.31218840899993 ], [ 146.962657097000033, -43.340264580999929 ], [ 147.021332227000016, -43.33717213299991 ], [ 147.055349155000044, -43.356215101999908 ], [ 146.99732506600003, -43.422784112999921 ], [ 146.921641472000033, -43.429620049999926 ], [ 147.001149936000047, -43.455661716999941 ], [ 147.017832879000025, -43.478122653999947 ], [ 146.943369988000086, -43.476657809999949 ], [ 146.949554884, -43.531996351999908 ], [ 146.901703321000014, -43.531996351999908 ], [ 146.894053582000083, -43.55787525799991 ], [ 146.942149285000028, -43.581149997999944 ], [ 146.92701256600003, -43.611748955999929 ], [ 146.846527540000011, -43.641289971999925 ], [ 146.803233269000089, -43.610446872999944 ], [ 146.710703972000033, -43.629001559999949 ], [ 146.675140821000014, -43.587334893999923 ], [ 146.600108269000089, -43.552504164999903 ], [ 146.582041863000086, -43.494724216999941 ], [ 146.554698113000086, -43.469414971999925 ], [ 146.558441602000016, -43.525160414999903 ], [ 146.538096550000091, -43.518487237999921 ], [ 146.513519727000016, -43.533949476999908 ], [ 146.377940300000091, -43.528497002999927 ], [ 146.339366082000083, -43.504815362999921 ], [ 146.291677280000044, -43.531996351999908 ], [ 146.263845248000052, -43.491794528999947 ], [ 146.238129102000016, -43.484551690999922 ], [ 146.209157748000052, -43.491794528999947 ], [ 146.189219597000033, -43.539483330999929 ], [ 146.149912957000083, -43.505629164999903 ], [ 146.10670006600003, -43.518487237999921 ], [ 146.10670006600003, -43.546319268999923 ], [ 146.024180535000028, -43.552504164999903 ], [ 146.023936394000089, -43.451836846999925 ], [ 145.93482506600003, -43.378106377999927 ], [ 145.943207227000016, -43.364841403999947 ], [ 146.003672722000033, -43.381931247999944 ], [ 145.975759311000047, -43.347751559999949 ], [ 146.08562259200005, -43.353936455999929 ], [ 146.16138756600003, -43.415948174999926 ], [ 146.16138756600003, -43.374444268999923 ], [ 146.182383660000028, -43.381931247999944 ], [ 146.180186394000089, -43.364841403999947 ], [ 146.230235222000033, -43.395603122999944 ], [ 146.229502800000091, -43.319756768999923 ], [ 146.168223504000025, -43.277601820999905 ], [ 146.11101321700005, -43.336032809999949 ], [ 146.06763756600003, -43.281914971999925 ], [ 146.043630405000044, -43.325941664999903 ], [ 146.025401238000086, -43.324883721999925 ], [ 145.975352410000028, -43.283949476999908 ], [ 145.963389519000089, -43.226983330999929 ], [ 145.917165561000047, -43.195896091999941 ], [ 145.91570071700005, -43.246758721999925 ], [ 145.878672722000033, -43.254327080999929 ], [ 145.869313998000052, -43.273044528999947 ], [ 145.917735222000033, -43.272067966999941 ], [ 145.925791863000086, -43.289157809999949 ], [ 145.897227410000028, -43.306084893999923 ], [ 145.831797722000033, -43.292575778999947 ], [ 145.802744988000086, -43.208103122999944 ], [ 145.734629754000025, -43.143324476999908 ], [ 145.729991082000083, -43.100030205999929 ], [ 145.674082879000025, -43.09929778399993 ], [ 145.688243035000028, -43.049737237999921 ], [ 145.633799675000091, -43.024997653999947 ], [ 145.597504102000016, -42.971856377999927 ], [ 145.510264519000089, -42.958428643999923 ], [ 145.449717644000089, -42.88250090899993 ], [ 145.398936394000089, -42.778008721999925 ], [ 145.366221550000091, -42.75750090899993 ], [ 145.386485222000033, -42.714450778999947 ], [ 145.352712436000047, -42.650811455999929 ], [ 145.324554884, -42.648207289999903 ], [ 145.30591881600003, -42.611586195999905 ], [ 145.265472852000016, -42.604261976999908 ], [ 145.297862175000091, -42.558851820999905 ], [ 145.247243686000047, -42.504327080999929 ], [ 145.234385613000086, -42.46453215899993 ], [ 145.24341881600003, -42.429131768999923 ], [ 145.20826256600003, -42.33717213299991 ], [ 145.18873131600003, -42.195733330999929 ], [ 145.241058790000011, -42.264580987999921 ], [ 145.30396569100003, -42.283298434999949 ], [ 145.330821160000028, -42.323011976999908 ], [ 145.43482506600003, -42.379327080999929 ], [ 145.472015821000014, -42.512790622999944 ], [ 145.482269727000016, -42.415459893999923 ], [ 145.519786004000025, -42.426934502999927 ], [ 145.558116082000083, -42.341566664999903 ], [ 145.520518425000091, -42.360121351999908 ], [ 145.503428582000083, -42.319268487999921 ], [ 145.482269727000016, -42.339776299999926 ], [ 145.463145379000025, -42.327243747999944 ], [ 145.366221550000091, -42.237399997999944 ], [ 145.345713738000086, -42.147230726999908 ], [ 145.323741082000083, -42.142754815999922 ], [ 145.281504754000025, -42.17701588299991 ], [ 145.283376498000052, -42.215915622999944 ], [ 145.270030144000089, -42.223728122999944 ], [ 145.229014519000089, -42.195733330999929 ], [ 145.266368035000028, -42.123467705999929 ], [ 145.251475457000083, -42.041436455999929 ], [ 145.206553582000083, -41.966566664999903 ], [ 145.060394727000016, -41.849541924999926 ], [ 145.05591881600003, -41.823174737999921 ], [ 144.959727410000028, -41.714043877999927 ], [ 144.920176629000025, -41.702894789999903 ], [ 144.914317254000025, -41.651299737999921 ], [ 144.86646569100003, -41.54461028399993 ], [ 144.794444207000083, -41.446465752999927 ], [ 144.749847852000016, -41.414239190999922 ], [ 144.781911655000044, -41.391534112999921 ], [ 144.781097852000016, -41.365166924999926 ], [ 144.681651238000086, -41.223077080999929 ], [ 144.691254102000016, -41.168064059999949 ], [ 144.66724694100003, -41.120700778999947 ], [ 144.675303582000083, -41.080743096999925 ], [ 144.605804884, -40.996514580999929 ], [ 144.638194207000083, -40.974216403999947 ], [ 144.617360873000052, -40.929620049999926 ], [ 144.703786655000044, -40.871351820999905 ], [ 144.708750847000033, -40.810479424999926 ], [ 144.689219597000033, -40.704522393999923 ], [ 144.698578321000014, -40.660251559999949 ], [ 144.721364780000044, -40.64031340899993 ], [ 144.766286655000044, -40.726495049999926 ], [ 144.793955925000091, -40.715997002999927 ], [ 144.894786004000025, -40.744805596999925 ], [ 144.984711134, -40.744805596999925 ], [ 145.11882571700005, -40.821384372999944 ], [ 145.146250847000033, -40.807712497999944 ], [ 145.133555535000028, -40.791680596999925 ], [ 145.250254754000025, -40.791680596999925 ], [ 145.263926629000025, -40.752862237999921 ], [ 145.250254754000025, -40.715997002999927 ], [ 145.26921634200005, -40.71998463299991 ], [ 145.30787194100003, -40.75514088299991 ], [ 145.270355665000011, -40.774183851999908 ], [ 145.270030144000089, -40.797295830999929 ], [ 145.332367384, -40.838067315999922 ], [ 145.44304446700005, -40.867933851999908 ], [ 145.523936394000089, -40.845798434999949 ], [ 145.533702019000089, -40.885023695999905 ], [ 145.572113477000016, -40.90943775799991 ], [ 145.729258660000028, -40.939060153999947 ], [ 145.743907097000033, -40.975355726999908 ], [ 145.80982506600003, -41.026950778999947 ], [ 145.915537957000083, -41.041273695999905 ], [ 145.925140821000014, -41.058770440999922 ], [ 145.978526238000086, -41.065199476999908 ], [ 146.078949415000011, -41.114434502999927 ], [ 146.214366082000083, -41.155368747999944 ], [ 146.423675977000016, -41.166192315999922 ], [ 146.546397332000083, -41.132745049999926 ], [ 146.562510613000086, -41.168226820999905 ], [ 146.58562259200005, -41.180108330999929 ], [ 146.600108269000089, -41.175388278999947 ], [ 146.582530144000089, -41.161065362999921 ], [ 146.59107506600003, -41.147149346999925 ], [ 146.654795769000089, -41.092868747999944 ], [ 146.744151238000086, -41.065524997999944 ], [ 146.795909050000091, -41.091729424999926 ], [ 146.808116082000083, -41.156670830999929 ], [ 146.860199415000011, -41.168552341999941 ], [ 146.891123894000089, -41.154717705999929 ], [ 146.949554884, -41.161065362999921 ], [ 146.90788821700005, -41.130954684999949 ], [ 146.838063998000052, -41.115817966999941 ], [ 146.819346550000091, -41.075372002999927 ], [ 146.837738477000016, -41.039727471999925 ], [ 146.932627800000091, -41.018243096999925 ], [ 147.017588738000086, -40.976657809999949 ], [ 147.171071811000047, -41.006524346999925 ], [ 147.285980665000011, -40.941338799999926 ], [ 147.295664910000028, -40.957126559999949 ], [ 147.342784050000091, -40.942152601999908 ], [ 147.358164910000028, -40.971774997999944 ], [ 147.444834832000083, -41.008396091999941 ], [ 147.520355665000011, -40.952080987999921 ], [ 147.586436394000089, -40.856215101999908 ], [ 147.650563998000052, -40.828545830999929 ], [ 147.668955925000091, -40.82586028399993 ], [ 147.717133009, -40.867364190999922 ], [ 147.753672722000033, -40.856622002999927 ], [ 147.819834832000083, -40.893487237999921 ], [ 147.849457227000016, -40.888767184999949 ], [ 147.916188998000052, -40.852715752999927 ], [ 147.95826256600003, -40.751153252999927 ], [ 147.984222852000016, -40.736504815999922 ], [ 148.029307488000086, -40.746758721999925 ], [ 148.042735222000033, -40.769707940999922 ], [ 148.080902540000011, -40.767754815999922 ], [ 148.14380944100003, -40.834893487999921 ], [ 148.209320509, -40.840752862999921 ], [ 148.287364129000025, -40.923028252999927 ], [ 148.331390821000014, -41.002211195999905 ], [ 148.272308790000011, -41.045017184999949 ], [ 148.306407097000033, -41.065524997999944 ], [ 148.274750196000014, -41.124932549999926 ], [ 148.272308790000011, -41.202569268999923 ], [ 148.32154381600003, -41.268487237999921 ], [ 148.254161004000025, -41.325941664999903 ], [ 148.257985873000052, -41.346612237999921 ], [ 148.354177280000044, -41.291436455999929 ], [ 148.279470248000052, -41.450372002999927 ], [ 148.281260613000086, -41.536309502999927 ], [ 148.314952019000089, -41.606540622999944 ], [ 148.286143425000091, -41.689385674999926 ], [ 148.306407097000033, -41.750664971999925 ], [ 148.26099694100003, -41.800388278999947 ], [ 148.289073113000086, -41.87232838299991 ], [ 148.326914910000028, -41.915785414999903 ], [ 148.299327019000089, -42.050551039999903 ], [ 148.363780144000089, -42.110284112999921 ], [ 148.315928582000083, -42.170179945999905 ], [ 148.360687696000014, -42.184502862999921 ], [ 148.364268425000091, -42.20435963299991 ], [ 148.321787957000083, -42.278008721999925 ], [ 148.257985873000052, -42.244235934999949 ], [ 148.306407097000033, -42.185804945999905 ], [ 148.272308790000011, -42.155450127999927 ], [ 148.320078972000033, -42.119398695999905 ], [ 148.274750196000014, -42.113213799999926 ], [ 148.226573113000086, -42.075290622999944 ], [ 148.162445509, -42.059177341999941 ], [ 148.241709832000083, -42.007419528999947 ], [ 148.242442254000025, -41.990899346999925 ], [ 148.211192254000025, -41.976983330999929 ], [ 148.196299675000091, -41.941827080999929 ], [ 148.181000196000014, -41.947360934999949 ], [ 148.193695509, -42.000909112999921 ], [ 148.146983269000089, -41.99928150799991 ], [ 148.155039910000028, -42.045586846999925 ], [ 148.131358269000089, -42.061944268999923 ], [ 148.217051629000025, -42.093357028999947 ], [ 148.092946811000047, -42.100192966999941 ], [ 148.074473504000025, -42.197360934999949 ], [ 148.038910352000016, -42.223728122999944 ], [ 147.963877800000091, -42.339776299999926 ], [ 148.004730665000011, -42.312432549999926 ], [ 148.03093509200005, -42.332289320999905 ], [ 148.005218946000014, -42.36687590899993 ], [ 148.006032748000052, -42.514092705999929 ], [ 147.953298373000052, -42.552666924999926 ], [ 147.91529381600003, -42.51726653399993 ], [ 147.910655144000089, -42.537855726999908 ], [ 147.888682488000086, -42.545098565999922 ], [ 147.936859571000014, -42.590915622999944 ], [ 147.957041863000086, -42.65162525799991 ], [ 147.953135613000086, -42.71998463299991 ], [ 147.889333530000044, -42.760674737999921 ], [ 147.888682488000086, -42.819512627999927 ], [ 147.867523634, -42.826348565999922 ], [ 147.844574415000011, -42.866143487999921 ], [ 147.858409050000091, -42.888441664999903 ], [ 147.91529381600003, -42.888441664999903 ], [ 147.881602410000028, -42.871677341999941 ], [ 147.920746290000011, -42.838311455999929 ], [ 147.939300977000016, -42.87232838299991 ], [ 147.980723504000025, -42.871189059999949 ], [ 148.004730665000011, -42.908868096999925 ], [ 147.991058790000011, -42.936211846999925 ], [ 148.011566602000016, -42.95045338299991 ], [ 148.009776238000086, -42.969903252999927 ], [ 147.973968946000014, -42.987725518999923 ], [ 147.965179884, -43.060316664999903 ], [ 147.949554884, -43.072849216999941 ], [ 147.977386915000011, -43.106866143999923 ], [ 147.963877800000091, -43.141696872999944 ], [ 148.003428582000083, -43.158135674999926 ], [ 147.977386915000011, -43.203057549999926 ], [ 147.998545769000089, -43.230401299999926 ], [ 147.964040561000047, -43.222426039999903 ], [ 147.894867384, -43.169040622999944 ] ] ], [ [ [ 145.065196160000028, -40.709161065999922 ], [ 145.015879754000025, -40.694268487999921 ], [ 144.89031009200005, -40.728122653999947 ], [ 144.872813347000033, -40.715997002999927 ], [ 144.869639519000089, -40.664808851999908 ], [ 144.930511915000011, -40.615329684999949 ], [ 144.94499759200005, -40.63990650799991 ], [ 145.031016472000033, -40.672539971999925 ], [ 145.065196160000028, -40.709161065999922 ] ] ], [ [ [ 144.787119988000086, -40.509942315999922 ], [ 144.765635613000086, -40.524509372999944 ], [ 144.764659050000091, -40.584567966999941 ], [ 144.742442254000025, -40.592461846999925 ], [ 144.728770379000025, -40.513604424999926 ], [ 144.70826256600003, -40.489434502999927 ], [ 144.76295006600003, -40.469496351999908 ], [ 144.779144727000016, -40.405368747999944 ], [ 144.792165561000047, -40.427911065999922 ], [ 144.787119988000086, -40.509942315999922 ] ] ], [ [ [ 144.831228061000047, -40.427992445999905 ], [ 144.86646569100003, -40.42115650799991 ], [ 144.88445071700005, -40.397637627999927 ], [ 144.873383009, -40.391696872999944 ], [ 144.896983269000089, -40.379571221999925 ], [ 144.960459832000083, -40.397881768999923 ], [ 144.950205925000091, -40.453383070999905 ], [ 144.900726759, -40.469496351999908 ], [ 144.874522332000083, -40.467543226999908 ], [ 144.831228061000047, -40.427992445999905 ] ] ], [ [ [ 144.140391472000033, -39.914157809999949 ], [ 144.138682488000086, -39.981377862999921 ], [ 144.112478061000047, -40.030857028999947 ], [ 144.050791863000086, -40.075372002999927 ], [ 143.922536655000044, -40.127373955999929 ], [ 143.886485222000033, -40.106540622999944 ], [ 143.872243686000047, -40.051202080999929 ], [ 143.892425977000016, -40.034763278999947 ], [ 143.88599694100003, -39.967868747999944 ], [ 143.838145379000025, -39.934502862999921 ], [ 143.842946811000047, -39.864434502999927 ], [ 143.866547071000014, -39.819431247999944 ], [ 143.851735873000052, -39.756442966999941 ], [ 143.865977410000028, -39.735284112999921 ], [ 143.861989780000044, -39.700616143999923 ], [ 143.948008660000028, -39.65398528399993 ], [ 143.934092644000089, -39.587985934999949 ], [ 143.94459069100003, -39.578871351999908 ], [ 143.993174675000091, -39.575127862999921 ], [ 144.084157748000052, -39.626153252999927 ], [ 144.109222852000016, -39.665785414999903 ], [ 144.108164910000028, -39.746026299999926 ], [ 144.126149936000047, -39.807712497999944 ], [ 144.105479363000086, -39.892998955999929 ], [ 144.140391472000033, -39.914157809999949 ] ] ], [ [ [ 147.396657748000052, -43.117120049999926 ], [ 147.437510613000086, -43.238946221999925 ], [ 147.360850457000083, -43.257907809999949 ], [ 147.34734134200005, -43.227959893999923 ], [ 147.387868686000047, -43.196221612999921 ], [ 147.318125847000033, -43.177178643999923 ], [ 147.291758660000028, -43.153008721999925 ], [ 147.354177280000044, -43.139418226999908 ], [ 147.326345248000052, -43.120538018999923 ], [ 147.360036655000044, -43.074883721999925 ], [ 147.396657748000052, -43.117120049999926 ] ] ], [ [ [ 148.176036004000025, -42.648207289999903 ], [ 148.149587436000047, -42.666436455999929 ], [ 148.073008660000028, -42.666761976999908 ], [ 148.110118035000028, -42.71648528399993 ], [ 148.043467644000089, -42.729180596999925 ], [ 148.011566602000016, -42.75123463299991 ], [ 148.045176629000025, -42.668715101999908 ], [ 148.02271569100003, -42.666273695999905 ], [ 148.013682488000086, -42.631768487999921 ], [ 148.039561394000089, -42.60320403399993 ], [ 148.079844597000033, -42.579278252999927 ], [ 148.13445071700005, -42.590101820999905 ], [ 148.149261915000011, -42.632745049999926 ], [ 148.176036004000025, -42.648207289999903 ] ] ], [ [ [ 148.340586785000028, -42.354099216999941 ], [ 148.249196811000047, -42.32390715899993 ], [ 148.230723504000025, -42.299411716999941 ], [ 148.316905144000089, -42.314385674999926 ], [ 148.340586785000028, -42.354099216999941 ] ] ], [ [ [ 148.104991082000083, -40.530043226999908 ], [ 148.251149936000047, -40.489434502999927 ], [ 148.194183790000011, -40.596286716999941 ], [ 148.120860222000033, -40.561700127999927 ], [ 148.104991082000083, -40.530043226999908 ] ] ], [ [ [ 148.468923373000052, -40.44068775799991 ], [ 148.456553582000083, -40.427992445999905 ], [ 148.422536655000044, -40.455254815999922 ], [ 148.408864780000044, -40.489434502999927 ], [ 148.370941602000016, -40.484307549999926 ], [ 148.340586785000028, -40.503676039999903 ], [ 148.327321811000047, -40.435967705999929 ], [ 148.230723504000025, -40.462090752999927 ], [ 148.19654381600003, -40.441664320999905 ], [ 148.176036004000025, -40.455254815999922 ], [ 148.082041863000086, -40.454278252999927 ], [ 147.998545769000089, -40.417738539999903 ], [ 148.013031446000014, -40.378106377999927 ], [ 148.074066602000016, -40.351169528999947 ], [ 148.160411004000025, -40.347832940999922 ], [ 148.194102410000028, -40.365655205999929 ], [ 148.21021569100003, -40.338636976999908 ], [ 148.280039910000028, -40.331231377999927 ], [ 148.32349694100003, -40.304457289999903 ], [ 148.429942254000025, -40.373304945999905 ], [ 148.484548373000052, -40.427992445999905 ], [ 148.468923373000052, -40.44068775799991 ] ] ], [ [ [ 147.991058790000011, -40.092217705999929 ], [ 147.951670769000089, -40.086358330999929 ], [ 147.941416863000086, -40.045098565999922 ], [ 147.885020379000025, -40.030857028999947 ], [ 147.909190300000091, -39.976169528999947 ], [ 147.880869988000086, -39.894952080999929 ], [ 147.826670769000089, -39.914157809999949 ], [ 147.757660352000016, -39.879327080999929 ], [ 147.863617384, -39.816989841999941 ], [ 147.854014519000089, -39.797458591999941 ], [ 147.881195509, -39.783135674999926 ], [ 147.865082227000016, -39.742852471999925 ], [ 147.894867384, -39.756442966999941 ], [ 147.953298373000052, -39.711683851999908 ], [ 148.167002800000091, -39.935642184999949 ], [ 148.299001498000052, -39.961846612999921 ], [ 148.283213738000086, -40.081475518999923 ], [ 148.22388756600003, -40.126397393999923 ], [ 148.267425977000016, -40.127373955999929 ], [ 148.299001498000052, -40.099053643999923 ], [ 148.332041863000086, -40.192152601999908 ], [ 148.292165561000047, -40.167901299999926 ], [ 148.286306186000047, -40.189711195999905 ], [ 148.326914910000028, -40.222588799999926 ], [ 148.307383660000028, -40.237725518999923 ], [ 148.21412194100003, -40.204196872999944 ], [ 148.186045769000089, -40.250583591999941 ], [ 148.12427819100003, -40.270603122999944 ], [ 148.074717644000089, -40.25514088299991 ], [ 148.039886915000011, -40.222832940999922 ], [ 148.058848504000025, -40.202080987999921 ], [ 148.014496290000011, -40.164239190999922 ], [ 148.012461785000028, -40.119398695999905 ], [ 147.991058790000011, -40.092217705999929 ] ] ] ] } },
{ "type": "Feature", "properties": { "nem_region": "VIC1", "nem_label": "Victoria", "label_lon": 144.56051288260664, "label_lat": -36.567405897214371 }, "geometry": { "type": "MultiPolygon", "coordinates": [ [ [ [ 146.642588738000086, -38.752536716999941 ], [ 146.657562696000014, -38.764418226999908 ], [ 146.582774285000028, -38.769463799999926 ], [ 146.558441602000016, -38.796807549999926 ], [ 146.538910352000016, -38.797051690999922 ], [ 146.494639519000089, -38.778008721999925 ], [ 146.471364780000044, -38.747247002999927 ], [ 146.642588738000086, -38.752536716999941 ] ] ], [ [ [ 145.344411655000044, -38.51336028399993 ], [ 145.36101321700005, -38.54851653399993 ], [ 145.352549675000091, -38.570977471999925 ], [ 145.31959069100003, -38.539320570999905 ], [ 145.263682488000086, -38.51921965899993 ], [ 145.205739780000044, -38.53679778399993 ], [ 145.17505944100003, -38.52312590899993 ], [ 145.11296634200005, -38.53053150799991 ], [ 145.187673373000052, -38.466973565999922 ], [ 145.279307488000086, -38.451592705999929 ], [ 145.318369988000086, -38.468519789999903 ], [ 145.304209832000083, -38.475274346999925 ], [ 145.317393425000091, -38.507907809999949 ], [ 145.344411655000044, -38.51336028399993 ] ] ], [ [ [ 145.463145379000025, -38.328545830999929 ], [ 145.494395379000025, -38.365166924999926 ], [ 145.414073113000086, -38.379082940999922 ], [ 145.353282097000033, -38.428399346999925 ], [ 145.283702019000089, -38.402601820999905 ], [ 145.270030144000089, -38.35865650799991 ], [ 145.297862175000091, -38.324476820999905 ], [ 145.297862175000091, -38.29656340899993 ], [ 145.364105665000011, -38.323418877999927 ], [ 145.42505944100003, -38.315036716999941 ], [ 145.463145379000025, -38.328545830999929 ] ] ], [ [ [ 149.896332227000016, -37.548597914999903 ], [ 149.778656446000014, -37.556084893999923 ], [ 149.793955925000091, -37.510837497999944 ], [ 149.772471550000091, -37.529392184999949 ], [ 149.71843509200005, -37.515801690999922 ], [ 149.766286655000044, -37.584079684999949 ], [ 149.678477410000028, -37.691013278999947 ], [ 149.615244988000086, -37.710381768999923 ], [ 149.59498131600003, -37.734795830999929 ], [ 149.512461785000028, -37.755303643999923 ], [ 149.479014519000089, -37.785902601999908 ], [ 149.34107506600003, -37.786716403999947 ], [ 149.272227410000028, -37.82350025799991 ], [ 149.25318444100003, -37.789483330999929 ], [ 149.135590040000011, -37.775811455999929 ], [ 149.092784050000091, -37.789646091999941 ], [ 148.786306186000047, -37.79810963299991 ], [ 148.724131707000083, -37.82350025799991 ], [ 148.604014519000089, -37.811130466999941 ], [ 148.306407097000033, -37.823418877999927 ], [ 147.916514519000089, -37.918552341999941 ], [ 147.757578972000033, -37.985121351999908 ], [ 147.589366082000083, -38.080661716999941 ], [ 147.395518425000091, -38.220147393999923 ], [ 147.082774285000028, -38.472832940999922 ], [ 146.98365319100003, -38.572198174999926 ], [ 146.88445071700005, -38.638604424999926 ], [ 146.847666863000086, -38.684991143999923 ], [ 146.832041863000086, -38.672784112999921 ], [ 146.846527540000011, -38.659600518999923 ], [ 146.830251498000052, -38.654717705999929 ], [ 146.617686394000089, -38.679131768999923 ], [ 146.574717644000089, -38.703220309999949 ], [ 146.45866946700005, -38.710137627999927 ], [ 146.41179446700005, -38.739841403999947 ], [ 146.350433790000011, -38.69500090899993 ], [ 146.224131707000083, -38.714450778999947 ], [ 146.182383660000028, -38.755954684999949 ], [ 146.237071160000028, -38.817966403999947 ], [ 146.263926629000025, -38.820407809999949 ], [ 146.28638756600003, -38.90984465899993 ], [ 146.319021030000044, -38.906670830999929 ], [ 146.373708530000044, -38.858330987999921 ], [ 146.410899285000028, -38.85515715899993 ], [ 146.447764519000089, -38.79029713299991 ], [ 146.476735873000052, -38.810479424999926 ], [ 146.469248894000089, -38.869235934999949 ], [ 146.482920769000089, -38.924086195999905 ], [ 146.454112175000091, -38.949314059999949 ], [ 146.435069207000083, -39.019952080999929 ], [ 146.465993686000047, -39.023614190999922 ], [ 146.483409050000091, -39.064629815999922 ], [ 146.434336785000028, -39.08912525799991 ], [ 146.435069207000083, -39.126397393999923 ], [ 146.39421634200005, -39.144952080999929 ], [ 146.32585696700005, -39.105889580999929 ], [ 146.322601759, -39.088962497999944 ], [ 146.34693444100003, -39.064385674999926 ], [ 146.289073113000086, -39.028090101999908 ], [ 146.263845248000052, -38.996026299999926 ], [ 146.250987175000091, -38.939629815999922 ], [ 146.181651238000086, -38.868340752999927 ], [ 146.091807488000086, -38.819756768999923 ], [ 146.017344597000033, -38.831638278999947 ], [ 146.003672722000033, -38.896416924999926 ], [ 145.92115319100003, -38.906670830999929 ], [ 145.855235222000033, -38.759535414999903 ], [ 145.757172071000014, -38.659600518999923 ], [ 145.853526238000086, -38.700616143999923 ], [ 145.809336785000028, -38.650160414999903 ], [ 145.733083530000044, -38.638604424999926 ], [ 145.599619988000086, -38.680108330999929 ], [ 145.570811394000089, -38.661716403999947 ], [ 145.513682488000086, -38.578383070999905 ], [ 145.373057488000086, -38.53679778399993 ], [ 145.433848504000025, -38.502129815999922 ], [ 145.420746290000011, -38.488946221999925 ], [ 145.434580925000091, -38.459730726999908 ], [ 145.420746290000011, -38.426934502999927 ], [ 145.451833530000044, -38.413262627999927 ], [ 145.506114129000025, -38.424086195999905 ], [ 145.556895379000025, -38.385186455999929 ], [ 145.515472852000016, -38.339043877999927 ], [ 145.523936394000089, -38.310804945999905 ], [ 145.464366082000083, -38.234551690999922 ], [ 145.255869988000086, -38.24146900799991 ], [ 145.264414910000028, -38.25554778399993 ], [ 145.20240319100003, -38.324476820999905 ], [ 145.229014519000089, -38.413262627999927 ], [ 145.11296634200005, -38.406426690999922 ], [ 145.092295769000089, -38.436293226999908 ], [ 145.05046634200005, -38.455987237999921 ], [ 145.044688347000033, -38.488946221999925 ], [ 144.94459069100003, -38.510349216999941 ], [ 144.88640384200005, -38.48211028399993 ], [ 144.729014519000089, -38.351332289999903 ], [ 144.676768425000091, -38.333184502999927 ], [ 144.676605665000011, -38.316582940999922 ], [ 144.728770379000025, -38.33131275799991 ], [ 144.80396569100003, -38.379082940999922 ], [ 144.893239780000044, -38.372816664999903 ], [ 144.982920769000089, -38.341403903999947 ], [ 144.998057488000086, -38.32390715899993 ], [ 144.99146569100003, -38.304945570999905 ], [ 145.119313998000052, -38.159356377999927 ], [ 145.129161004000025, -38.126153252999927 ], [ 145.110199415000011, -38.051690362999921 ], [ 145.027110222000033, -37.996270440999922 ], [ 144.982676629000025, -37.899346612999921 ], [ 144.93482506600003, -37.867933851999908 ], [ 144.911468946000014, -37.869805596999925 ], [ 144.906993035000028, -37.899346612999921 ], [ 144.82545006600003, -37.898532809999949 ], [ 144.804453972000033, -37.940850518999923 ], [ 144.73365319100003, -37.967950127999927 ], [ 144.672048373000052, -38.017185153999947 ], [ 144.558441602000016, -38.047621351999908 ], [ 144.517100457000083, -38.111586195999905 ], [ 144.482432488000086, -38.09734465899993 ], [ 144.373057488000086, -38.11842213299991 ], [ 144.36255944100003, -38.146579684999949 ], [ 144.381846550000091, -38.157810153999947 ], [ 144.523610873000052, -38.177992445999905 ], [ 144.65357506600003, -38.12468840899993 ], [ 144.70476321700005, -38.146091403999947 ], [ 144.725108269000089, -38.164808851999908 ], [ 144.715098504000025, -38.214613539999903 ], [ 144.670420769000089, -38.238051039999903 ], [ 144.652842644000089, -38.285821221999925 ], [ 144.401866082000083, -38.301202080999929 ], [ 144.187510613000086, -38.434340101999908 ], [ 144.052500847000033, -38.485772393999923 ], [ 143.999196811000047, -38.533623955999929 ], [ 143.992360873000052, -38.567803643999923 ], [ 143.941172722000033, -38.585137627999927 ], [ 143.90552819100003, -38.64381275799991 ], [ 143.844899936000047, -38.691176039999903 ], [ 143.704600457000083, -38.728122653999947 ], [ 143.666758660000028, -38.790134372999944 ], [ 143.610850457000083, -38.806573174999926 ], [ 143.536957227000016, -38.858330987999921 ], [ 143.451182488000086, -38.796807549999926 ], [ 143.357432488000086, -38.758233330999929 ], [ 143.223399285000028, -38.756280205999929 ], [ 143.118662957000083, -38.666436455999929 ], [ 143.060069207000083, -38.635918877999927 ], [ 142.81023196700005, -38.578383070999905 ], [ 142.653819207000083, -38.472751559999949 ], [ 142.515391472000033, -38.406426690999922 ], [ 142.502452019000089, -38.374444268999923 ], [ 142.478526238000086, -38.376560153999947 ], [ 142.467539910000028, -38.406426690999922 ], [ 142.39771569100003, -38.367120049999926 ], [ 142.281911655000044, -38.373793226999908 ], [ 142.269541863000086, -38.392754815999922 ], [ 142.224619988000086, -38.405694268999923 ], [ 142.17546634200005, -38.398695570999905 ], [ 141.946787957000083, -38.28289153399993 ], [ 141.761973504000025, -38.261814059999949 ], [ 141.63209069100003, -38.308770440999922 ], [ 141.617849155000044, -38.338148695999905 ], [ 141.65398196700005, -38.399834893999923 ], [ 141.601410352000016, -38.39226653399993 ], [ 141.55787194100003, -38.439711195999905 ], [ 141.483083530000044, -38.37623463299991 ], [ 141.434418165000011, -38.375095309999949 ], [ 141.422373894000089, -38.402764580999929 ], [ 141.394541863000086, -38.40162525799991 ], [ 141.370860222000033, -38.386488539999903 ], [ 141.399912957000083, -38.336358330999929 ], [ 141.374766472000033, -38.291192315999922 ], [ 141.134287957000083, -38.127618096999925 ], [ 140.968174193916866, -38.059425698082656 ], [ 140.967085809362516, -33.986452325214657 ], [ 141.045582310375266, -34.06220997511025 ], [ 141.134104038970122, -34.06396697429642 ], [ 141.190121291164587, -34.089288425220673 ], [ 141.241849400429487, -34.076007581684564 ], [ 141.309545525705403, -34.114351494625794 ], [ 141.330784540174363, -34.144737236634171 ], [ 141.391917759397074, -34.133678481176958 ], [ 141.459303827209851, -34.169180190213581 ], [ 141.510670201268681, -34.172229098793878 ], [ 141.546171910305361, -34.218634534556145 ], [ 141.665906203208692, -34.127063896481616 ], [ 141.748536819318701, -34.103189385481755 ], [ 141.840985955637279, -34.130474542066452 ], [ 142.051257358740031, -34.115953464181018 ], [ 142.094252150716102, -34.170833835712926 ], [ 142.150114374178997, -34.158586520951189 ], [ 142.199775424995778, -34.192796318795104 ], [ 142.235122105300889, -34.191917819651678 ], [ 142.258789910725795, -34.272843112519638 ], [ 142.305143671443261, -34.317129814789098 ], [ 142.344934524308769, -34.342761325874505 ], [ 142.396455927099282, -34.338007094052159 ], [ 142.40642947783806, -34.356403903717194 ], [ 142.372323032781651, -34.424668470673396 ], [ 142.385758905049329, -34.533395684962898 ], [ 142.46792443316599, -34.603468927049335 ], [ 142.471645136213965, -34.64331145585902 ], [ 142.52249474543612, -34.719534193748018 ], [ 142.52249474543612, -34.750229994118911 ], [ 142.556601189593152, -34.774156182861532 ], [ 142.625537551017146, -34.795240166800284 ], [ 142.642797479120304, -34.787643731073331 ], [ 142.630808546776962, -34.736329033857828 ], [ 142.694680617116774, -34.730903008467067 ], [ 142.693853794816732, -34.689096774896257 ], [ 142.726099887899409, -34.60321054463094 ], [ 142.790023635082662, -34.582333266267199 ], [ 142.855187615715863, -34.620832207940055 ], [ 142.880354038807809, -34.67932992883317 ], [ 142.934045851934457, -34.658039238420145 ], [ 142.981381463683533, -34.690595391663976 ], [ 142.995747511938021, -34.668684583626657 ], [ 143.05011111863314, -34.692197361219257 ], [ 143.142611932694535, -34.699018649690913 ], [ 143.268754103818765, -34.753950698066262 ], [ 143.282706740023968, -34.792501315683182 ], [ 143.328130323855362, -34.784388116018761 ], [ 143.360479770624806, -34.806247247212696 ], [ 143.331282587021747, -34.9628268371888 ], [ 143.363993768097885, -35.107210789246551 ], [ 143.418357374793004, -35.188032728427686 ], [ 143.581396518934184, -35.249424330068791 ], [ 143.585995722024904, -35.352932223643222 ], [ 143.65121137860217, -35.389312432722591 ], [ 143.776940138576492, -35.418406263538259 ], [ 143.980700310670727, -35.523361097936345 ], [ 143.998425327666723, -35.555400485444068 ], [ 144.100072870166741, -35.586768080282695 ], [ 144.180378046309784, -35.679113864713088 ], [ 144.27659956341904, -35.747998549293641 ], [ 144.324348586318138, -35.754199721040266 ], [ 144.353287388402237, -35.777557468102657 ], [ 144.45255781499111, -35.947159519196475 ], [ 144.492658726219133, -35.959665215477287 ], [ 144.602781202690267, -36.066118665743829 ], [ 144.681897821327311, -36.083792005896328 ], [ 144.740705600582942, -36.135003351223702 ], [ 144.810933873199588, -36.131592705638866 ], [ 144.890153842825498, -36.076350599800321 ], [ 144.975471633209281, -36.097434583739073 ], [ 144.977435337970405, -36.060175876415542 ], [ 144.933923782056809, -36.005553888201405 ], [ 144.96244917209151, -35.953464043730605 ], [ 144.97123416622378, -35.894811293206601 ], [ 145.008441196703757, -35.86762949030873 ], [ 145.217937452551382, -35.851196383606236 ], [ 145.375963983351085, -35.872900486068602 ], [ 145.493786249235995, -35.828975519004985 ], [ 145.572592807711885, -35.843599948778603 ], [ 145.744623650660856, -35.964936212136479 ], [ 145.786946649068568, -35.979974053959438 ], [ 145.939753860052519, -35.966848240054219 ], [ 145.98347212064175, -36.014287204590801 ], [ 146.062330356860457, -36.017387790913801 ], [ 146.216222771663524, -36.055835055743216 ], [ 146.243559605091605, -36.035371188529552 ], [ 146.369495070640937, -36.052734469420216 ], [ 146.431920201056414, -35.983849785739039 ], [ 146.504267206266491, -35.973927910944326 ], [ 146.545194939794555, -35.993771660533696 ], [ 146.624053176013263, -35.993771660533696 ], [ 146.68921715664635, -36.042192477900528 ], [ 146.75639651888423, -36.046326592997843 ], [ 146.771124302344674, -36.066893812999069 ], [ 146.812723830340474, -36.069529310429346 ], [ 146.84688195224021, -36.097434583739073 ], [ 146.87876631101642, -36.0875643857878 ], [ 146.956125929567975, -36.117898450952737 ], [ 146.973799269720416, -36.094747409465356 ], [ 147.005321894190047, -36.090148207273955 ], [ 147.044906040581282, -36.107614840952124 ], [ 147.040978631958296, -36.173708997572191 ], [ 147.106917758947361, -36.241198419071793 ], [ 147.196317986685699, -36.220321139808732 ], [ 147.119836867277513, -36.197428480739802 ], [ 147.093791945941462, -36.168024590662355 ], [ 147.079632603261985, -36.103635755485698 ], [ 147.134719680368903, -36.039350273995922 ], [ 147.184329055241619, -36.064258314669473 ], [ 147.306337112167967, -36.051959323963615 ], [ 147.34028852759343, -36.076350599800321 ], [ 147.382198113951745, -35.979612318753482 ], [ 147.408604771393016, -35.959665215477287 ], [ 147.48369062682093, -35.945970960791215 ], [ 147.52012251184442, -35.958011569977998 ], [ 147.55676110244292, -35.996355482919228 ], [ 147.713805780412372, -35.939408053838633 ], [ 147.909711135260636, -36.005037122465239 ], [ 147.940665318049923, -36.042605889949868 ], [ 147.996889275819399, -36.059245700428733 ], [ 147.991411573585196, -36.114177747904762 ], [ 148.045465122817063, -36.172572116909691 ], [ 148.031925896862617, -36.237115980817862 ], [ 148.077814568687359, -36.341915784685739 ], [ 148.05993452385917, -36.388217868559764 ], [ 148.067582636429506, -36.409715264547799 ], [ 148.13098961787648, -36.458859551427167 ], [ 148.150316604427644, -36.562470797789103 ], [ 148.197962273639973, -36.585466810544858 ], [ 148.214860468335928, -36.616886082226927 ], [ 148.206178826991163, -36.672489923271314 ], [ 148.123289830261456, -36.788245130708219 ], [ 148.216824172197789, -36.801681003875217 ], [ 149.972075076303668, -37.510291859981351 ], [ 149.896332227000016, -37.548597914999903 ] ] ] ] } }
]
}
